universe,ticker,first_date,first_price,first_score
thematic,AAOI,2026-01-05,34.99,52.8
thematic,AAON,2026-02-03,93.19,58.1
thematic,ABAT,2026-01-20,4.85,50.8
thematic,ACLS,2026-01-05,89.04,73.7
thematic,ADI,2026-01-05,275.67,76.3
thematic,AEHR,2026-01-05,23.49,53.3
thematic,AEIS,2026-01-05,227.51,91.4
thematic,AEVA,2026-03-25,15.26,51.4
thematic,AEYE,2026-05-29,7.68,50.7
thematic,AIRJ,2026-05-07,3.48,53.9
thematic,ALAB,2026-01-05,167.11,50.7
thematic,ALGM,2026-01-12,30.17,51.8
thematic,ALNT,2026-01-05,58.26,84.3
thematic,AMAT,2026-01-05,283.61,79.9
thematic,AMBA,2026-01-05,77.11,57.2
thematic,AMD,2026-01-05,221.08,67.3
thematic,AMKR,2026-01-05,47.98,60.5
thematic,AMPG,2026-01-05,3.65,52.6
thematic,AMPX,2026-01-27,11.58,51.8
thematic,AMRC,2026-01-05,30.92,52.7
thematic,AMSC,2026-04-09,36.15,62.2
thematic,AOSL,2026-02-03,22.27,51.4
thematic,APLD,2026-01-20,35.46,56.3
thematic,ARM,2026-04-01,155.07,52.4
thematic,ASML,2026-01-05,1223.9,70.1
thematic,ASPI,2026-05-14,6.09,51.6
thematic,ASPN,2026-04-09,3.74,50.4
thematic,ASTS,2026-01-12,98.39,54.5
thematic,ATKR,2026-01-05,65.77,55.0
thematic,ATRO,2026-01-05,46.39,79.1
thematic,AVGO,2026-01-12,350.92,54.8
thematic,AXON,2026-06-29,510.6,50.3
thematic,AXTI,2026-01-05,16.67,60.1
thematic,AYI,2026-01-05,376.18,83.3
thematic,AZZ,2026-01-05,110.65,71.1
thematic,BBAI,2026-01-12,6.31,51.8
thematic,BE,2026-01-27,152.31,59.5
thematic,BKSY,2026-01-05,22.72,51.7
thematic,BLDP,2026-01-05,2.76,50.2
thematic,BOTT,2026-02-03,57.01,50.3
thematic,BRKR,2026-01-05,51.13,73.9
thematic,BWEN,2026-06-12,4.18,60.0
thematic,BWMN,2026-02-10,35.65,53.1
thematic,BWXT,2026-01-05,188.51,63.0
thematic,CAMT,2026-01-05,123.88,81.9
thematic,CARR,2026-02-03,60.98,50.1
thematic,CCJ,2026-01-05,100.17,84.9
thematic,CDRE,2026-01-05,41.73,70.9
thematic,CEG,2026-01-05,353.92,52.8
thematic,CEVA,2026-04-16,22.35,55.9
thematic,CGNX,2026-01-12,39.32,56.8
thematic,CMTL,2026-01-12,5.52,52.2
thematic,COHR,2026-01-05,186.36,77.4
thematic,COHU,2026-01-05,25.1,89.5
thematic,CRDO,2026-04-30,174.01,51.8
thematic,CRNC,2026-01-05,11.09,55.9
thematic,CRUS,2026-01-12,121.41,56.8
thematic,CRWV,2026-04-23,117.42,50.6
thematic,CTS,2026-01-05,44.44,67.9
thematic,CVV,2026-04-16,4.54,50.4
thematic,CW,2026-01-05,586.09,84.0
thematic,DCO,2026-01-05,100.2,88.5
thematic,DIOD,2026-01-05,52.03,50.4
thematic,DNN,2026-01-05,3.22,69.3
thematic,DPRO,2026-01-20,9.42,51.7
thematic,DRS,2026-01-20,41.9,51.7
thematic,DUOT,2026-01-05,10.05,65.5
thematic,ECHO,2026-01-05,110.67,69.9
thematic,EMR,2026-01-05,141.73,72.4
thematic,ENPH,2026-01-05,34.0,54.9
thematic,ENS,2026-01-05,154.49,79.2
thematic,EOSE,2026-01-12,16.13,53.5
thematic,ERII,2026-02-03,14.81,66.1
thematic,ESE,2026-01-12,213.43,67.1
thematic,ETN,2026-02-03,360.41,57.2
thematic,EU,2026-01-05,2.78,51.4
thematic,FCEL,2026-01-20,8.64,56.8
thematic,FIX,2026-01-05,1031.37,85.6
thematic,FLNC,2026-01-05,22.25,65.2
thematic,FLY,2026-05-21,42.86,53.4
thematic,FN,2026-01-05,456.9,58.0
thematic,FORM,2026-01-05,62.69,81.2
thematic,FSLR,2026-01-05,272.0,78.4
thematic,GD,2026-01-05,350.93,73.3
thematic,GDYN,2026-01-05,9.37,52.3
thematic,GEV,2026-01-05,680.1,79.2
thematic,GFS,2026-01-05,37.08,61.6
thematic,GHM,2026-01-05,70.0,76.6
thematic,GNRC,2026-01-20,162.06,58.0
thematic,GOOGL,2026-01-05,316.13,86.1
thematic,GSAT,2026-01-05,64.08,62.6
thematic,HDRN,2026-02-03,10.57,52.9
thematic,HEI,2026-01-05,341.5,68.1
thematic,HII,2026-01-05,360.79,70.5
thematic,HIMX,2026-01-27,8.28,53.8
thematic,HUBB,2026-01-05,462.83,83.1
thematic,HYLN,2026-01-05,1.92,50.1
thematic,ICHR,2026-01-05,20.94,50.5
thematic,IMOS,2026-01-27,42.36,58.6
thematic,INDI,2026-01-27,4.57,64.4
thematic,INOD,2026-01-20,61.62,51.3
thematic,INTC,2026-01-05,39.37,72.7
thematic,IONQ,2026-01-12,50.95,51.7
thematic,IPGP,2026-01-27,90.63,63.3
thematic,IRDM,2026-01-12,19.38,61.6
thematic,IREN,2026-05-29,63.54,62.7
thematic,ISOU,2026-01-27,11.97,72.0
thematic,ISRG,2026-01-05,566.38,68.5
thematic,ISSC,2026-01-12,19.77,53.7
thematic,ITRI,2026-02-10,105.57,57.9
thematic,KLAC,2026-01-05,134.9,79.0
thematic,KLIC,2026-01-05,51.08,74.1
thematic,KOPN,2026-01-05,2.57,51.0
thematic,KRKNF,2026-01-05,5.19,78.7
thematic,KRMN,2026-01-05,83.99,64.2
thematic,KTOS,2026-01-05,89.93,63.5
thematic,LAES,2026-03-04,4.19,54.6
thematic,LASR,2026-01-05,38.09,81.6
thematic,LDOS,2026-01-05,194.32,68.1
thematic,LEU,2026-01-20,315.92,58.3
thematic,LHX,2026-01-05,309.05,72.5
thematic,LII,2026-01-12,530.42,62.4
thematic,LITE,2026-01-05,357.05,63.4
thematic,LMB,2026-02-03,89.66,61.6
thematic,LMT,2026-01-05,505.58,69.5
thematic,LPTH,2026-01-12,11.99,54.8
thematic,LRCX,2026-01-05,194.39,66.6
thematic,LSCC,2026-01-05,80.59,93.1
thematic,LUNR,2026-01-27,20.29,60.4
thematic,LWLG,2026-04-09,8.44,59.4
thematic,MASS,2026-02-10,6.77,56.4
thematic,MBOT,2026-03-25,2.53,51.0
thematic,MCHP,2026-01-05,66.33,74.9
thematic,META,2026-01-27,671.77,69.4
thematic,MKSI,2026-01-05,175.89,81.5
thematic,MOD,2026-02-25,230.19,59.9
thematic,MPWR,2026-01-05,951.67,63.0
thematic,MRCY,2026-01-05,81.29,76.6
thematic,MRVL,2026-01-05,90.12,57.1
thematic,MSFT,2026-05-29,450.24,60.2
thematic,MTSI,2026-01-05,170.76,67.1
thematic,MU,2026-01-05,312.02,64.0
thematic,MXL,2026-01-05,18.13,66.9
thematic,MYRG,2026-01-05,232.56,78.1
thematic,NBIS,2026-01-20,99.29,53.0
thematic,NLST,2026-01-20,1.16,51.1
thematic,NNDM,2026-01-12,1.7,56.2
thematic,NOC,2026-01-05,606.7,67.9
thematic,NRG,2026-01-05,160.6,59.0
thematic,NUAI,2026-03-11,5.26,53.0
thematic,NVDA,2026-01-05,187.89,58.3
thematic,NVEC,2026-01-20,66.49,65.3
thematic,NVMI,2026-01-05,382.88,65.2
thematic,NVT,2026-01-05,106.25,75.3
thematic,NVTS,2026-01-20,9.86,53.2
thematic,NXE,2026-01-05,10.72,67.3
thematic,NXPI,2026-01-05,221.97,70.5
thematic,OMCL,2026-01-05,46.93,74.1
thematic,ON,2026-01-05,58.69,72.4
thematic,ONDS,2026-01-20,13.13,52.0
thematic,ONTO,2026-01-05,178.18,64.2
thematic,OSIS,2026-01-05,271.38,72.0
thematic,OUST,2026-04-16,24.17,52.0
thematic,PATH,2026-01-12,17.24,52.7
thematic,PDFS,2026-01-05,30.97,84.9
thematic,PENG,2026-04-23,27.61,52.9
thematic,PL,2026-01-27,28.07,51.3
thematic,PLAB,2026-01-05,33.38,51.4
thematic,PLPC,2026-01-05,225.12,76.4
thematic,PLTR,2026-01-05,174.04,51.8
thematic,PLUG,2026-01-27,2.41,51.4
thematic,PNR,2026-01-20,103.75,54.5
thematic,POET,2026-01-05,7.43,58.3
thematic,POWI,2026-01-12,41.25,55.8
thematic,POWL,2026-01-05,120.36,78.7
thematic,POWW,2026-02-25,2.15,71.2
thematic,PRCT,2026-05-21,28.93,52.3
thematic,PWR,2026-01-05,435.67,66.1
thematic,QCOM,2026-01-05,174.54,74.1
thematic,QRVO,2026-01-05,87.06,52.1
thematic,QS,2026-05-29,8.98,52.4
thematic,QTUM,2026-01-05,114.24,87.2
thematic,QUIK,2026-01-27,8.31,62.1
thematic,RCAT,2026-03-04,14.73,55.1
thematic,RDW,2026-04-16,11.22,54.1
thematic,RKLB,2026-01-05,78.14,52.0
thematic,RMBS,2026-01-05,97.5,58.3
thematic,ROK,2026-01-05,402.09,85.5
thematic,RTX,2026-01-05,186.86,77.4
thematic,SATL,2026-04-23,6.81,52.3
thematic,SEDG,2026-01-27,34.81,54.3
thematic,SES,2026-01-05,2.13,53.7
thematic,SHLS,2026-01-05,8.89,54.2
thematic,SIDU,2026-01-27,3.62,50.6
thematic,SIF,2026-03-11,14.57,58.2
thematic,SITM,2026-01-05,333.03,56.8
thematic,SKYT,2026-01-27,33.54,51.9
thematic,SLAB,2026-01-05,137.93,62.7
thematic,SMP,2026-01-12,38.1,60.8
thematic,SMTC,2026-01-05,74.34,69.9
thematic,SNOW,2026-06-29,251.65,62.5
thematic,SOLS,2026-05-29,84.23,68.6
thematic,SPIR,2026-03-11,11.03,53.2
thematic,SPXC,2026-01-05,205.44,52.3
thematic,STEM,2026-01-20,19.84,58.2
thematic,STM,2026-01-05,27.3,66.7
thematic,STRL,2026-01-05,327.11,56.2
thematic,STXS,2026-01-20,2.64,51.2
thematic,SWKS,2026-04-23,61.02,54.7
thematic,SYM,2026-01-05,68.62,54.5
thematic,SYPR,2026-02-03,3.5,51.4
thematic,TATT,2026-01-05,49.22,59.4
thematic,TDG,2026-01-05,1367.89,66.0
thematic,TER,2026-01-05,219.33,76.3
thematic,TLN,2026-01-05,395.2,64.5
thematic,TSAT,2026-01-05,30.94,62.2
thematic,TSEM,2026-01-05,119.29,66.0
thematic,TSLA,2026-01-05,451.67,60.0
thematic,TSM,2026-01-05,320.59,83.2
thematic,TSSI,2026-05-07,15.84,53.7
thematic,TT,2026-02-03,433.33,55.4
thematic,TXN,2026-01-05,175.13,55.0
thematic,UAVS,2026-05-07,1.17,53.8
thematic,UCTT,2026-01-05,29.65,65.8
thematic,UEC,2026-01-05,13.99,53.8
thematic,UMAC,2026-01-27,16.29,50.9
thematic,URG,2026-01-05,1.61,50.5
thematic,UROY,2026-01-05,4.06,58.2
thematic,UUUU,2026-02-03,24.53,54.8
thematic,VECO,2026-01-05,31.07,84.5
thematic,VELO,2026-03-18,14.03,51.9
thematic,VERI,2026-01-05,5.1,50.7
thematic,VIAV,2026-01-05,18.11,78.1
thematic,VICR,2026-01-12,139.12,50.3
thematic,VOYG,2026-01-27,35.07,51.0
thematic,VRSN,2026-03-18,238.26,53.8
thematic,VRT,2026-01-05,173.87,54.5
thematic,VSAT,2026-01-05,38.5,74.9
thematic,VST,2026-02-25,174.88,53.8
thematic,VUZI,2026-05-07,2.86,54.9
thematic,VVX,2026-01-05,59.92,73.4
thematic,WLDN,2026-01-05,109.74,74.4
thematic,WWR,2026-01-27,1.21,51.0
thematic,XYL,2026-01-20,137.81,51.4
thematic,ZBRA,2026-05-14,258.1,52.2
thematic,QTEX,2026-07-03,1.43,46.6
thematic,QBTS,2026-07-03,22.53,41.0
thematic,IPWR,2026-07-03,5.04,39.2
thematic,ARQQ,2026-07-03,23.51,37.6
thematic,KULR,2026-07-03,3.85,37.1
thematic,FRMI,2026-07-03,8.06,36.0
thematic,BTQ,2026-07-03,4.82,35.9
thematic,WOLF,2026-07-03,40.0,31.9
thematic,QMCO,2026-07-03,10.16,29.2
thematic,VLN,2026-07-03,2.07,29.0
thematic,LASE,2026-07-03,1.4,21.3
thematic,BYRN,2026-07-03,6.97,15.3
thematic,AVAV,2026-07-03,190.89,9.6
thematic,AIRO,2026-07-03,7.6,9.0
thematic,STI,2026-07-03,7.85,8.8
thematic,QUBT,2026-07-03,9.05,8.3
thematic,RGTI,2026-07-03,17.94,8.1
thematic,SMR,2026-07-03,9.76,7.2
thematic,OKLO,2026-07-03,52.36,7.1
thematic,MNTS,2026-07-03,5.91,7.0
thematic,SLDP,2026-07-03,2.52,6.7
thematic,NKLR,2026-07-03,4.62,6.4
thematic,SOUN,2026-07-03,6.55,6.4
thematic,LIDR,2026-07-03,1.41,6.3
thematic,RR,2026-07-03,1.96,6.1
thematic,ZENA,2026-07-03,1.42,5.6
thematic,BNRG,2026-07-03,1.03,5.6
thematic,AI,2026-07-03,9.06,5.5
thematic,MVST,2026-07-03,1.12,5.3
thematic,BAH,2026-07-03,62.45,4.8
thematic,PDYN,2026-07-03,5.84,4.7
thematic,NNOX,2026-07-03,1.3,4.5
thematic,LTBR,2026-07-03,8.64,4.5
thematic,SERV,2026-07-03,6.31,4.3
thematic,ENVX,2026-07-03,5.36,4.2
thematic,NNE,2026-07-03,20.03,4.1
thematic,KSCP,2026-07-03,2.04,3.7
thematic,SPCE,2026-07-03,2.7,3.7
thematic,SMCI,2026-07-03,27.22,2.9
thematic,VWAV,2026-07-03,4.14,1.8
thematic,NAUT,2026-07-03,1.73,1.3
market,RAMP,2026-07-03,37.73,90.1
market,KFRC,2026-07-03,50.93,89.4
market,PKBK,2026-07-03,32.93,87.9
market,PPLI,2026-07-03,46.75,87.7
market,SCSC,2026-07-03,50.87,86.6
market,SCHL,2026-07-03,46.41,86.3
market,CNS,2026-07-03,78.57,86.0
market,WERN,2026-07-03,43.2,85.9
market,TFIN,2026-07-03,77.01,85.9
market,OPRA,2026-07-03,19.9,85.3
market,XRN,2026-07-03,37.97,84.6
market,TRIN,2026-07-03,17.79,84.4
market,CPRX,2026-07-03,31.45,84.3
market,RLGT,2026-07-03,9.49,84.3
market,LINC,2026-07-03,52.33,84.0
market,GSBC,2026-07-03,78.83,83.7
market,NVRI,2026-07-03,22.59,83.7
market,NREF,2026-07-03,15.73,83.4
market,MRTN,2026-07-03,17.46,83.4
market,KTB,2026-07-03,85.0,83.4
market,AXGN,2026-07-03,45.89,83.3
market,TBLA,2026-07-03,5.14,83.2
market,DGII,2026-07-03,72.15,83.0
market,INBK,2026-07-03,28.1,83.0
market,XPER,2026-07-03,8.2,82.8
market,AAP,2026-07-03,61.53,82.8
market,BNL,2026-07-03,21.25,82.7
market,RMT,2026-07-03,14.38,82.7
market,WAFD,2026-07-03,38.34,82.6
market,OGN,2026-07-03,13.55,82.6
market,ECAT,2026-07-03,15.8,82.6
market,RMR,2026-07-03,20.5,82.5
market,XIFR,2026-07-03,12.35,82.5
market,MDV,2026-07-03,17.89,82.5
market,DDI,2026-07-03,11.49,82.1
market,HSTM,2026-07-03,28.41,82.1
market,CNXN,2026-07-03,72.43,82.0
market,DAO,2026-07-03,12.59,82.0
market,NSA,2026-07-03,46.04,82.0
market,BZH,2026-07-03,28.07,82.0
market,CLBK,2026-07-03,21.17,82.0
market,BSRR,2026-07-03,41.09,81.9
market,CII,2026-07-03,25.66,81.8
market,FHB,2026-07-03,29.97,81.7
market,STGW,2026-07-03,7.4,81.6
market,OFG,2026-07-03,49.48,81.6
market,EZPW,2026-07-03,35.59,81.6
market,PENN,2026-07-03,22.02,81.6
market,PDLB,2026-07-03,20.11,81.5
market,TNC,2026-07-03,87.48,81.4
market,XOMA,2026-07-03,43.0,81.3
market,PKE,2026-07-03,37.83,81.2
market,ACCO,2026-07-03,4.2,81.2
market,KRC,2026-07-03,39.32,81.1
market,MTLS,2026-07-03,7.16,81.1
market,TRST,2026-07-03,54.54,81.1
market,MCHB,2026-07-03,16.16,81.1
market,FMBH,2026-07-03,48.46,81.0
market,CTBI,2026-07-03,72.75,81.0
market,MMI,2026-07-03,31.86,81.0
market,OBK,2026-07-03,51.37,80.9
market,GBTG,2026-07-03,9.4,80.9
market,GSBD,2026-07-03,9.58,80.8
market,BATRA,2026-07-03,57.61,80.6
market,ALX,2026-07-03,275.0,80.6
market,FMAO,2026-07-03,30.67,80.5
market,SAH,2026-07-03,83.73,80.5
market,CAC,2026-07-03,54.58,80.4
market,ZD,2026-07-03,52.43,80.4
market,TZOO,2026-07-03,11.66,80.4
market,COLD,2026-07-03,16.24,80.4
market,TBBB,2026-07-03,42.07,80.4
market,HBCP,2026-07-03,69.32,80.3
market,CALY,2026-07-03,18.26,80.2
market,APLE,2026-07-03,16.64,80.2
market,COFS,2026-07-03,33.92,80.0
market,AGM,2026-07-03,200.94,79.9
market,PK,2026-07-03,14.42,79.9
market,KELYA,2026-07-03,13.08,79.9
market,MCBS,2026-07-03,36.26,79.8
market,FSTR,2026-07-03,42.76,79.8
market,WMK,2026-07-03,80.1,79.7
market,IIPR,2026-07-03,63.36,79.7
market,FF,2026-07-03,4.69,79.7
market,BCML,2026-07-03,33.46,79.7
market,PLBC,2026-07-03,59.13,79.5
market,SBFG,2026-07-03,25.08,79.5
market,HNST,2026-07-03,3.9,79.5
market,PRK,2026-07-03,186.42,79.4
market,BATRK,2026-07-03,52.77,79.4
market,SEG,2026-07-03,27.12,79.4
market,CPF,2026-07-03,38.28,79.4
market,NBN,2026-07-03,134.48,79.4
market,HTB,2026-07-03,49.43,79.4
market,ALRS,2026-07-03,31.11,79.3
market,FRAF,2026-07-03,63.62,79.3
market,CBNK,2026-07-03,35.52,79.3
market,HFWA,2026-07-03,29.7,79.2
market,TCBK,2026-07-03,54.54,79.1
market,TDAY,2026-07-03,8.83,79.1
market,NBTB,2026-07-03,50.08,79.0
market,DK,2026-07-03,52.61,79.0
market,AVBP,2026-07-03,34.67,78.9
market,PDM,2026-07-03,9.61,78.9
market,LOCO,2026-07-03,16.68,78.8
market,BFC,2026-07-03,151.8,78.8
market,VSTS,2026-07-03,14.28,78.8
market,ANIK,2026-07-03,15.36,78.7
market,PUBM,2026-07-03,13.55,78.7
market,ECPG,2026-07-03,90.61,78.7
market,CFFN,2026-07-03,8.45,78.6
market,CHMG,2026-07-03,74.5,78.6
market,CLMT,2026-07-03,36.42,78.5
market,MANU,2026-07-03,23.11,78.4
market,NXG,2026-07-03,63.03,78.4
market,LIVN,2026-07-03,83.62,78.4
market,IMUX,2026-07-03,14.8,78.4
market,PSTL,2026-07-03,24.8,78.4
market,AMCX,2026-07-03,10.26,78.3
market,NRC,2026-07-03,22.4,78.2
market,RBCAA,2026-07-03,91.5,78.2
market,BST,2026-07-03,48.5,78.2
market,HAFC,2026-07-03,32.49,78.1
market,CATY,2026-07-03,62.31,78.1
market,AIN,2026-07-03,73.39,78.1
market,KRNY,2026-07-03,9.37,78.0
market,TMP,2026-07-03,94.54,78.0
market,RSKD,2026-07-03,5.13,78.0
market,PGC,2026-07-03,47.38,77.9
market,MYFW,2026-07-03,32.99,77.9
market,SHBI,2026-07-03,23.03,77.8
market,NTCT,2026-07-03,40.93,77.8
market,BWB,2026-07-03,21.46,77.7
market,SPNT,2026-07-03,24.63,77.6
market,FISI,2026-07-03,39.02,77.6
market,OSBC,2026-07-03,23.23,77.5
market,CHCT,2026-07-03,18.31,77.4
market,DCOM,2026-07-03,40.31,77.4
market,SYBT,2026-07-03,78.15,77.4
market,ARKO,2026-07-03,8.04,77.4
market,AVR,2026-07-03,10.24,77.3
market,DHC,2026-07-03,9.23,77.3
market,ATEN,2026-07-03,36.3,77.3
market,CIVB,2026-07-03,28.46,77.3
market,VAC,2026-07-03,100.25,77.3
market,FBNC,2026-07-03,63.8,77.2
market,ZVRA,2026-07-03,13.98,77.2
market,IART,2026-07-03,18.05,77.1
market,KOP,2026-07-03,46.21,77.1
market,AHRT,2026-07-03,7.11,77.1
market,HBNC,2026-07-03,19.78,77.0
market,XMAX,2026-07-03,8.94,77.0
market,MVBF,2026-07-03,29.41,77.0
market,TRNS,2026-07-03,89.03,76.9
market,ACNB,2026-07-03,60.25,76.9
market,DRH,2026-07-03,12.08,76.9
market,BSVN,2026-07-03,49.59,76.9
market,MSBI,2026-07-03,30.35,76.8
market,WSFS,2026-07-03,77.17,76.8
market,PAYS,2026-07-03,8.26,76.8
market,NFBK,2026-07-03,14.79,76.8
market,JAKK,2026-07-03,23.44,76.8
market,BOH,2026-07-03,82.73,76.7
market,MBWM,2026-07-03,57.81,76.7
market,KYIV,2026-07-03,15.68,76.7
market,HGV,2026-07-03,52.91,76.6
market,IVT,2026-07-03,35.57,76.6
market,CVBF,2026-07-03,22.81,76.6
market,BFS,2026-07-03,37.59,76.5
market,FCF,2026-07-03,20.47,76.5
market,HOPE,2026-07-03,13.58,76.4
market,STBA,2026-07-03,49.13,76.4
market,NWBI,2026-07-03,15.11,76.4
market,SFST,2026-07-03,61.19,76.3
market,UVSP,2026-07-03,44.13,76.3
market,BUSE,2026-07-03,29.65,76.3
market,FBP,2026-07-03,26.33,76.3
market,TWO,2026-07-03,12.07,76.2
market,RLJ,2026-07-03,11.78,76.2
market,FFBC,2026-07-03,34.39,76.2
market,NESR,2026-07-03,27.9,76.0
market,MCB,2026-07-03,98.53,76.0
market,AAT,2026-07-03,25.51,76.0
market,SFNC,2026-07-03,22.84,76.0
market,POWW,2026-07-03,2.37,75.9
market,OPLN,2026-07-03,40.6,75.9
market,AROW,2026-07-03,41.29,75.8
market,CMPR,2026-07-03,97.62,75.8
market,FIBK,2026-07-03,39.15,75.8
market,DJCO,2026-07-03,584.83,75.8
market,PFIS,2026-07-03,67.12,75.7
market,CCNE,2026-07-03,33.69,75.7
market,EFSC,2026-07-03,65.8,75.7
market,FUNC,2026-07-03,44.53,75.6
market,FOR,2026-07-03,30.8,75.6
market,THFF,2026-07-03,77.02,75.6
market,JOYY,2026-07-03,67.26,75.6
market,BEAM,2026-07-03,34.79,75.6
market,PNTG,2026-07-03,38.52,75.5
market,ADAM,2026-07-03,9.14,75.4
market,NP,2026-07-03,33.22,75.4
market,CHCO,2026-07-03,134.85,75.4
market,CTO,2026-07-03,21.57,75.4
market,TDC,2026-07-03,34.56,75.4
market,CENT,2026-07-03,43.95,75.4
market,FNKO,2026-07-03,5.51,75.4
market,AMAL,2026-07-03,46.04,75.4
market,PEB,2026-07-03,18.78,75.3
market,BWFG,2026-07-03,58.6,75.3
market,WRBY,2026-07-03,29.26,75.3
market,TSBK,2026-07-03,44.67,75.3
market,HIFS,2026-07-03,317.18,75.3
market,AVNS,2026-07-03,24.93,75.2
market,GIII,2026-07-03,33.5,75.2
market,CBL,2026-07-03,52.63,75.2
market,QUAD,2026-07-03,8.37,75.2
market,MRX,2026-07-03,62.52,75.2
market,XHR,2026-07-03,20.35,75.2
market,ALTO,2026-07-03,5.56,75.1
market,SMBC,2026-07-03,76.04,75.1
market,FULT,2026-07-03,24.11,75.1
market,SMBK,2026-07-03,47.34,75.1
market,UVE,2026-07-03,43.01,75.1
market,LEGH,2026-07-03,26.38,75.1
market,CRI,2026-07-03,40.65,75.1
market,RNST,2026-07-03,42.98,75.0
market,CNOB,2026-07-03,32.52,75.0
market,MSGE,2026-07-03,78.39,74.9
market,PEBO,2026-07-03,38.71,74.9
market,RMAX,2026-07-03,11.12,74.9
market,AVBC,2026-07-03,21.07,74.9
market,VVV,2026-07-03,39.08,74.9
market,CENTA,2026-07-03,38.43,74.9
market,OPY,2026-07-03,109.46,74.9
market,LBRX,2026-07-03,33.43,74.9
market,UNF,2026-07-03,273.56,74.8
market,NWFL,2026-07-03,32.22,74.8
market,CSQ,2026-07-03,20.52,74.8
market,LXP,2026-07-03,55.56,74.8
market,ASH,2026-07-03,67.01,74.7
market,HBT,2026-07-03,32.18,74.7
market,SUNC,2026-07-03,68.55,74.7
market,FBIZ,2026-07-03,63.85,74.7
market,BOC,2026-07-03,15.09,74.6
market,CWBC,2026-07-03,26.97,74.6
market,FVCB,2026-07-03,17.47,74.6
market,CNO,2026-07-03,52.43,74.6
market,GABC,2026-07-03,47.6,74.5
market,PLSE,2026-07-03,29.2,74.5
market,PFBC,2026-07-03,107.16,74.5
market,CZWI,2026-07-03,23.67,74.5
market,JMSB,2026-07-03,22.17,74.4
market,FDUS,2026-07-03,19.33,74.4
market,DCO,2026-07-03,186.6,74.4
market,AMTB,2026-07-03,25.37,74.3
market,MITK,2026-07-03,19.21,74.3
market,FCBC,2026-07-03,45.12,74.2
market,IDT,2026-07-03,58.82,74.2
market,LQDT,2026-07-03,38.36,74.2
market,CCRN,2026-07-03,13.2,74.1
market,DEA,2026-07-03,25.54,74.1
market,OCSL,2026-07-03,12.2,74.1
market,JBLU,2026-07-03,6.02,74.1
market,ILPT,2026-07-03,8.95,74.0
market,GRDN,2026-07-03,42.0,74.0
market,OSPN,2026-07-03,14.44,73.9
market,BLBD,2026-07-03,76.08,73.9
market,ELVN,2026-07-03,49.82,73.8
market,MPB,2026-07-03,35.18,73.7
market,PBYI,2026-07-03,8.26,73.7
market,RBB,2026-07-03,27.13,73.7
market,FCCO,2026-07-03,32.93,73.7
market,NEWT,2026-07-03,14.57,73.7
market,AUDC,2026-07-03,9.72,73.7
market,RCUS,2026-07-03,30.33,73.7
market,CVLG,2026-07-03,43.94,73.6
market,DEI,2026-07-03,12.51,73.6
market,SMG,2026-07-03,68.85,73.5
market,ESQ,2026-07-03,120.34,73.5
market,HG,2026-07-03,34.44,73.5
market,ORRF,2026-07-03,40.85,73.5
market,ABUS,2026-07-03,4.87,73.5
market,PHVS,2026-07-03,33.86,73.5
market,OBT,2026-07-03,37.65,73.5
market,DIN,2026-07-03,36.5,73.4
market,FRST,2026-07-03,15.82,73.4
market,OSUR,2026-07-03,4.35,73.4
market,CLYM,2026-07-03,12.9,73.4
market,SPB,2026-07-03,84.99,73.3
market,FXNC,2026-07-03,30.04,73.3
market,PCB,2026-07-03,28.51,73.3
market,WKC,2026-07-03,33.21,73.3
market,CCBG,2026-07-03,49.63,73.2
market,HELE,2026-07-03,28.14,73.2
market,RM,2026-07-03,41.66,73.2
market,BVS,2026-07-03,10.48,73.1
market,GBDC,2026-07-03,12.99,73.1
market,PBI,2026-07-03,16.82,73.1
market,BHB,2026-07-03,37.66,73.1
market,BFH,2026-07-03,102.21,73.1
market,RRBI,2026-07-03,94.79,73.1
market,CLDT,2026-07-03,13.04,73.0
market,YETI,2026-07-03,49.69,73.0
market,MCS,2026-07-03,23.2,73.0
market,DBD,2026-07-03,83.16,73.0
market,SNDA,2026-07-03,42.21,72.9
market,PRKS,2026-07-03,48.44,72.9
market,PLGO,2026-07-03,25.56,72.9
market,UFPT,2026-07-03,272.36,72.9
market,CARE,2026-07-03,33.13,72.9
market,CHEF,2026-07-03,95.62,72.8
market,NKTX,2026-07-03,3.22,72.8
market,BCAL,2026-07-03,20.86,72.8
market,NECB,2026-07-03,27.61,72.8
market,KURA,2026-07-03,11.1,72.8
market,KRT,2026-07-03,34.25,72.7
market,CFBK,2026-07-03,31.84,72.7
market,SRCE,2026-07-03,82.09,72.7
market,OSW,2026-07-03,28.68,72.7
market,APEI,2026-07-03,56.72,72.7
market,ESOA,2026-07-03,17.86,72.7
market,LOB,2026-07-03,41.05,72.6
market,PAGP,2026-07-03,24.43,72.6
market,CBU,2026-07-03,67.61,72.6
market,HURC,2026-07-03,22.33,72.6
market,ITGR,2026-07-03,95.14,72.6
market,BRC,2026-07-03,91.94,72.5
market,CAKE,2026-07-03,79.18,72.5
market,EPR,2026-07-03,59.1,72.5
market,NTB,2026-07-03,59.67,72.5
market,STRZ,2026-07-03,28.99,72.4
market,MNSB,2026-07-03,24.64,72.4
market,FNLC,2026-07-03,35.04,72.4
market,OOMA,2026-07-03,19.49,72.4
market,BY,2026-07-03,37.44,72.3
market,WSBF,2026-07-03,20.6,72.3
market,FLXS,2026-07-03,72.49,72.3
market,ANIP,2026-07-03,86.03,72.3
market,FENC,2026-07-03,10.7,72.2
market,GFF,2026-07-03,92.86,72.2
market,RHI,2026-07-03,33.48,72.2
market,AVBH,2026-07-03,32.96,72.2
market,CASS,2026-07-03,52.51,72.1
market,FMNB,2026-07-03,14.64,72.1
market,SBGI,2026-07-03,15.42,72.1
market,UHAL,2026-07-03,67.58,72.0
market,SKT,2026-07-03,39.53,72.0
market,TRVI,2026-07-03,17.93,72.0
market,CCSI,2026-07-03,37.94,72.0
market,UE,2026-07-03,22.96,71.9
market,SBSI,2026-07-03,34.9,71.8
market,NEXN,2026-07-03,9.55,71.8
market,WABC,2026-07-03,59.51,71.8
market,OLP,2026-07-03,25.28,71.8
market,TNL,2026-07-03,76.59,71.8
market,NXDR,2026-07-03,2.29,71.7
market,GDRX,2026-07-03,3.05,71.7
market,BLX,2026-07-03,59.24,71.7
market,WLFC,2026-07-03,226.52,71.7
market,HCSG,2026-07-03,25.15,71.7
market,BMRC,2026-07-03,28.43,71.7
market,CURB,2026-07-03,30.34,71.7
market,ECO,2026-07-03,53.11,71.6
market,FSBC,2026-07-03,48.66,71.6
market,EQBK,2026-07-03,49.23,71.6
market,PKOH,2026-07-03,36.3,71.6
market,PMTS,2026-07-03,20.38,71.5
market,KNSA,2026-07-03,64.53,71.5
market,WRLD,2026-07-03,207.98,71.5
market,BFST,2026-07-03,30.64,71.5
market,MD,2026-07-03,26.76,71.5
market,INDV,2026-07-03,39.8,71.5
market,CPAC,2026-07-03,11.92,71.4
market,AMN,2026-07-03,34.75,71.4
market,PLOW,2026-07-03,50.27,71.4
market,BLFS,2026-07-03,28.11,71.4
market,GCMG,2026-07-03,12.91,71.3
market,WASH,2026-07-03,35.56,71.3
market,PFS,2026-07-03,23.54,71.3
market,WTBA,2026-07-03,27.09,71.3
market,DORM,2026-07-03,137.65,71.3
market,FRME,2026-07-03,43.44,71.3
market,NHC,2026-07-03,218.44,71.2
market,FFIN,2026-07-03,34.88,71.2
market,ADAG,2026-07-03,4.47,71.2
market,SLG,2026-07-03,53.42,71.1
market,NTST,2026-07-03,21.66,71.1
market,MASS,2026-07-03,8.69,71.1
market,ABEO,2026-07-03,6.4,71.0
market,FLYW,2026-07-03,18.75,71.0
market,ONL,2026-07-03,2.83,71.0
market,RDWR,2026-07-03,29.69,71.0
market,SFBS,2026-07-03,86.64,70.9
market,GNW,2026-07-03,9.61,70.9
market,GEO,2026-07-03,30.25,70.9
market,EBMT,2026-07-03,23.64,70.9
market,WDFC,2026-07-03,245.83,70.9
market,TILE,2026-07-03,35.67,70.8
market,VBNK,2026-07-03,21.9,70.8
market,IMKTA,2026-07-03,90.17,70.8
market,DKL,2026-07-03,52.25,70.7
market,DTIL,2026-07-03,8.18,70.7
market,AWR,2026-07-03,84.76,70.7
market,DSP,2026-07-03,12.96,70.7
market,DCTH,2026-07-03,13.2,70.7
market,INFU,2026-07-03,10.16,70.6
market,QCRH,2026-07-03,96.65,70.6
market,XMTR,2026-07-03,91.82,70.6
market,NBHC,2026-07-03,44.51,70.6
market,TWIN,2026-07-03,22.86,70.6
market,CVSA,2026-07-03,129.88,70.6
market,HOFT,2026-07-03,16.82,70.6
market,PXED,2026-07-03,34.36,70.6
market,EFC,2026-07-03,13.47,70.6
market,WSBC,2026-07-03,39.64,70.5
market,INDB,2026-07-03,84.18,70.5
market,ESTA,2026-07-03,89.25,70.5
market,HAPN,2026-07-03,19.69,70.5
market,MOV,2026-07-03,37.61,70.4
market,DNLI,2026-07-03,25.83,70.3
market,BOW,2026-07-03,31.48,70.3
market,MCRI,2026-07-03,129.94,70.3
market,IMMX,2026-07-03,10.34,70.2
market,CWT,2026-07-03,50.23,70.2
market,CBK,2026-07-03,33.4,70.1
market,PCRX,2026-07-03,25.39,70.0
market,FBLA,2026-07-03,15.21,70.0
market,AIO,2026-07-03,27.04,70.0
market,OII,2026-07-03,38.5,70.0
market,MHO,2026-07-03,156.84,69.9
market,CLDX,2026-07-03,38.37,69.9
market,BANC,2026-07-03,20.3,69.9
market,UTMD,2026-07-03,72.78,69.9
market,SAFE,2026-07-03,16.39,69.9
market,ANGO,2026-07-03,13.09,69.8
market,SCL,2026-07-03,56.75,69.8
market,OPK,2026-07-03,1.52,69.8
market,PRLB,2026-07-03,76.4,69.8
market,GUT,2026-07-03,6.6,69.8
market,PINE,2026-07-03,20.62,69.7
market,UFCS,2026-07-03,53.93,69.7
market,KWR,2026-07-03,161.16,69.6
market,ODC,2026-07-03,100.34,69.6
market,ETON,2026-07-03,37.5,69.6
market,HTO,2026-07-03,62.42,69.6
market,UNTY,2026-07-03,58.12,69.5
market,CZNC,2026-07-03,23.63,69.5
market,NKSH,2026-07-03,36.55,69.5
market,RMNI,2026-07-03,4.54,69.5
market,UCB,2026-07-03,35.49,69.4
market,FVR,2026-07-03,20.86,69.4
market,HQH,2026-07-03,22.0,69.3
market,AOMR,2026-07-03,9.04,69.2
market,KIDS,2026-07-03,19.95,69.1
market,USCB,2026-07-03,20.45,69.0
market,HVT,2026-07-03,24.97,68.9
market,IKT,2026-07-03,1.99,68.9
market,CMTV,2026-07-03,39.13,68.8
market,HIW,2026-07-03,31.86,68.8
market,AZZ,2026-07-03,150.01,68.8
market,DRVN,2026-07-03,14.47,68.8
market,CMDB,2026-07-03,18.18,68.8
market,PRG,2026-07-03,44.13,68.7
market,AMBP,2026-07-03,4.83,68.7
market,PRTH,2026-07-03,7.18,68.7
market,TRS,2026-07-03,42.01,68.6
market,KARO,2026-07-03,53.87,68.5
market,FRBA,2026-07-03,17.63,68.4
market,OTTR,2026-07-03,91.39,68.4
market,RLAY,2026-07-03,18.65,68.3
market,BCAT,2026-07-03,15.76,68.3
market,ULCC,2026-07-03,7.58,68.3
market,ELDN,2026-07-03,3.95,68.2
market,ITIC,2026-07-03,281.21,68.2
market,BHRB,2026-07-03,70.15,68.2
market,KPTI,2026-07-03,9.6,68.2
market,MGNX,2026-07-03,4.71,68.1
market,FNRN,2026-07-03,17.82,68.1
market,NIC,2026-07-03,166.72,68.1
market,HTGC,2026-07-03,15.96,68.1
market,BLMN,2026-07-03,8.7,68.1
market,ACRS,2026-07-03,5.56,68.1
market,SENEA,2026-07-03,183.98,68.1
market,NVST,2026-07-03,27.63,68.0
market,TBI,2026-07-03,6.75,68.0
market,WSR,2026-07-03,18.98,68.0
market,CERS,2026-07-03,3.16,68.0
market,MBIN,2026-07-03,48.82,68.0
market,IPSC,2026-07-03,2.43,67.8
market,SABR,2026-07-03,2.09,67.8
market,TOWN,2026-07-03,36.45,67.7
market,ETO,2026-07-03,30.8,67.7
market,URGN,2026-07-03,38.02,67.6
market,CSWC,2026-07-03,23.73,67.5
market,GHRS,2026-07-03,27.01,67.4
market,GLAS,2026-07-03,12.5,67.4
market,NRIM,2026-07-03,27.12,67.4
market,UAA,2026-07-03,6.63,67.4
market,BJRI,2026-07-03,58.75,67.3
market,LGIH,2026-07-03,62.03,67.3
market,ANAB,2026-07-03,63.42,67.2
market,HZO,2026-07-03,34.48,67.1
market,AMBQ,2026-07-03,82.85,67.1
market,PAYO,2026-07-03,7.09,67.1
market,VISN,2026-07-03,12.15,67.1
market,ESPR,2026-07-03,3.16,67.0
market,ZNTL,2026-07-03,4.46,67.0
market,MFIN,2026-07-03,10.12,66.9
market,ARTNA,2026-07-03,34.39,66.9
market,GHM,2026-07-03,115.42,66.9
market,MLAB,2026-07-03,105.54,66.9
market,SHO,2026-07-03,11.38,66.9
market,LKFN,2026-07-03,62.4,66.8
market,CRON,2026-07-03,2.86,66.8
market,INN,2026-07-03,6.79,66.8
market,IBOC,2026-07-03,75.9,66.8
market,RXO,2026-07-03,26.61,66.7
market,VCYT,2026-07-03,57.08,66.7
market,TOI,2026-07-03,5.28,66.7
market,AMLX,2026-07-03,18.27,66.7
market,BSTZ,2026-07-03,29.39,66.5
market,CNK,2026-07-03,31.53,66.5
market,CLOV,2026-07-03,5.26,66.5
market,ENTA,2026-07-03,15.11,66.5
market,BWAY,2026-07-03,15.19,66.4
market,SLP,2026-07-03,18.39,66.4
market,TTAM,2026-07-03,18.21,66.4
market,FRPH,2026-07-03,25.31,66.4
market,BBDC,2026-07-03,8.57,66.4
market,GAIN,2026-07-03,15.56,66.3
market,NVCR,2026-07-03,17.2,66.3
market,THRY,2026-07-03,4.29,66.2
market,TRMK,2026-07-03,46.38,66.2
market,NPB,2026-07-03,18.95,66.2
market,LYTS,2026-07-03,25.59,66.2
market,IOSP,2026-07-03,83.1,66.2
market,HUBG,2026-07-03,44.94,66.2
market,CBT,2026-07-03,86.35,66.2
market,CUBI,2026-07-03,77.71,66.1
market,SIF,2026-07-03,24.65,66.0
market,NMM,2026-07-03,72.47,66.0
market,PEBK,2026-07-03,43.35,65.9
market,LION,2026-07-03,14.66,65.9
market,UA,2026-07-03,6.48,65.9
market,AFYA,2026-07-03,15.27,65.8
market,GRBK,2026-07-03,79.25,65.8
market,SXI,2026-07-03,327.87,65.8
market,EXTR,2026-07-03,29.8,65.7
market,COSO,2026-07-03,26.83,65.7
market,ADUR,2026-07-03,15.68,65.7
market,HRMY,2026-07-03,37.26,65.7
market,BANR,2026-07-03,67.17,65.7
market,HESM,2026-07-03,38.16,65.6
market,BBCP,2026-07-03,11.11,65.6
market,SION,2026-07-03,43.99,65.6
market,HAE,2026-07-03,75.07,65.5
market,ACEL,2026-07-03,12.77,65.3
market,EE,2026-07-03,37.99,65.3
market,PGEN,2026-07-03,5.64,65.3
market,OLPX,2026-07-03,2.07,65.3
market,EGBN,2026-07-03,27.59,65.2
market,HNVR,2026-07-03,23.34,65.2
market,SVRA,2026-07-03,6.22,65.1
market,MSEX,2026-07-03,57.55,65.1
market,MLR,2026-07-03,49.01,65.0
market,NGVC,2026-07-03,32.6,65.0
market,BOX,2026-07-03,27.89,65.0
market,TH,2026-07-03,18.47,65.0
market,EIG,2026-07-03,51.93,65.0
market,RVT,2026-07-03,18.47,65.0
market,OVLY,2026-07-03,33.86,64.9
market,VTMX,2026-07-03,34.59,64.9
market,RGP,2026-07-03,4.62,64.8
market,NOVTU,2026-07-03,67.48,64.8
market,BKD,2026-07-03,15.87,64.8
market,HTH,2026-07-03,38.82,64.8
market,KYN,2026-07-03,13.91,64.8
market,CDNA,2026-07-03,29.19,64.7
market,VMD,2026-07-03,12.02,64.7
market,RDVT,2026-07-03,65.52,64.7
market,FLGT,2026-07-03,20.85,64.7
market,IDYA,2026-07-03,37.65,64.7
market,HTLD,2026-07-03,14.9,64.6
market,ACHV,2026-07-03,6.4,64.6
market,EPC,2026-07-03,27.21,64.6
market,OPRT,2026-07-03,5.9,64.6
market,SMTI,2026-07-03,24.84,64.6
market,CVCO,2026-07-03,598.73,64.5
market,IBTA,2026-07-03,35.57,64.5
market,NIE,2026-07-03,26.43,64.4
market,MUJ,2026-07-03,12.35,64.4
market,GRC,2026-07-03,84.06,64.4
market,WSC,2026-07-03,26.66,64.4
market,CMPS,2026-07-03,13.62,64.3
market,CRMD,2026-07-03,8.75,64.2
market,WBI,2026-07-03,31.29,64.2
market,FELE,2026-07-03,105.14,64.2
market,RCKY,2026-07-03,40.26,64.2
market,PRLD,2026-07-03,4.91,64.1
market,LWAY,2026-07-03,30.94,64.1
market,EBF,2026-07-03,21.49,64.1
market,BBT,2026-07-03,30.22,64.0
market,MHD,2026-07-03,11.92,64.0
market,IGIC,2026-07-03,27.66,63.9
market,TR,2026-07-03,40.78,63.9
market,EOLS,2026-07-03,6.9,63.8
market,GTY,2026-07-03,34.34,63.8
market,TCBI,2026-07-03,103.95,63.8
market,IRON,2026-07-03,76.26,63.8
market,ISTR,2026-07-03,29.49,63.8
market,ETOR,2026-07-03,40.47,63.8
market,IRT,2026-07-03,17.33,63.7
market,SIBN,2026-07-03,17.11,63.7
market,FBK,2026-07-03,55.9,63.7
market,CMP,2026-07-03,29.95,63.6
market,BCRX,2026-07-03,9.84,63.5
market,SMA,2026-07-03,33.67,63.5
market,HAYW,2026-07-03,16.97,63.4
market,PARR,2026-07-03,58.49,63.4
market,NBBK,2026-07-03,21.14,63.4
market,MAGN,2026-07-03,12.58,63.3
market,NNI,2026-07-03,135.26,63.2
market,SKYH,2026-07-03,9.97,63.2
market,GNK,2026-07-03,24.5,63.2
market,MPLT,2026-07-03,37.09,63.2
market,IMOS,2026-07-03,63.93,63.2
market,FRSH,2026-07-03,10.34,63.1
market,TAK,2026-07-03,16.77,63.1
market,RAPP,2026-07-03,38.97,63.1
market,CYRX,2026-07-03,15.49,63.1
market,STRA,2026-07-03,80.98,62.9
market,NMCO,2026-07-03,10.87,62.9
market,SVV,2026-07-03,9.97,62.8
market,IBCP,2026-07-03,36.04,62.8
market,ORC,2026-07-03,6.92,62.6
market,DYN,2026-07-03,23.07,62.5
market,PRDO,2026-07-03,34.43,62.5
market,VRA,2026-07-03,3.91,62.4
market,SBCF,2026-07-03,33.28,62.4
market,OMCL,2026-07-03,43.03,62.4
market,LSPD,2026-07-03,10.8,62.3
market,NXRT,2026-07-03,28.72,62.3
market,RCMT,2026-07-03,28.5,62.3
market,ATLO,2026-07-03,29.53,62.3
market,BTX,2026-07-03,8.6,62.3
market,NGNE,2026-07-03,35.34,62.3
market,LTC,2026-07-03,39.28,62.3
market,ALHC,2026-07-03,23.8,62.2
market,BTZ,2026-07-03,10.26,62.2
market,SPFI,2026-07-03,42.56,62.1
market,XPEL,2026-07-03,48.52,62.1
market,DV,2026-07-03,11.44,62.0
market,MAMA,2026-07-03,18.68,62.0
market,BV,2026-07-03,14.4,62.0
market,MBI,2026-07-03,6.8,62.0
market,SI,2026-07-03,21.27,62.0
market,CTNM,2026-07-03,15.1,61.9
market,TCBX,2026-07-03,40.0,61.9
market,OVID,2026-07-03,2.69,61.9
market,GEF,2026-07-03,75.18,61.9
market,HOG,2026-07-03,24.96,61.9
market,GDOT,2026-07-03,13.35,61.8
market,VLRS,2026-07-03,9.16,61.8
market,HCI,2026-07-03,182.64,61.8
market,AMRN,2026-07-03,16.37,61.7
market,GGT,2026-07-03,4.2,61.7
market,JBSS,2026-07-03,90.6,61.5
market,BWEN,2026-07-03,4.58,61.5
market,CARS,2026-07-03,11.32,61.4
market,AGIO,2026-07-03,37.58,61.4
market,FTK,2026-07-03,22.19,61.4
market,WT,2026-07-03,18.04,61.3
market,TRN,2026-07-03,34.12,61.3
market,COLM,2026-07-03,63.32,61.3
market,LEG,2026-07-03,11.94,61.3
market,ENR,2026-07-03,21.75,61.3
market,PLTK,2026-07-03,3.87,61.2
market,NEOG,2026-07-03,9.34,61.2
market,OCFC,2026-07-03,19.05,61.2
market,SAR,2026-07-03,22.36,61.1
market,MPTI,2026-07-03,91.02,61.1
market,SPIR,2026-07-03,18.44,61.1
market,TBLD,2026-07-03,21.96,61.0
market,OABI,2026-07-03,2.42,61.0
market,NWPX,2026-07-03,136.92,60.9
market,CCO,2026-07-03,2.41,60.9
market,PLX,2026-07-03,2.32,60.9
market,TDOC,2026-07-03,9.2,60.8
market,MGRC,2026-07-03,117.91,60.8
market,CCS,2026-07-03,69.99,60.7
market,AEF,2026-07-03,9.19,60.7
market,GOOD,2026-07-03,12.62,60.6
market,TATT,2026-07-03,47.6,60.6
market,MRVI,2026-07-03,6.04,60.6
market,WLY,2026-07-03,52.76,60.6
market,DGICA,2026-07-03,19.29,60.6
market,QTTB,2026-07-03,13.09,60.6
market,KBH,2026-07-03,61.16,60.6
market,ALCO,2026-07-03,41.8,60.6
market,ABM,2026-07-03,44.27,60.5
market,UMH,2026-07-03,15.52,60.5
market,FSUN,2026-07-03,38.98,60.5
market,ZIP,2026-07-03,3.96,60.5
market,ACIC,2026-07-03,11.54,60.4
market,FTF,2026-07-03,5.81,60.4
market,LZB,2026-07-03,39.91,60.4
market,TSHA,2026-07-03,6.53,60.4
market,INTG,2026-07-03,47.7,60.3
market,GIC,2026-07-03,33.21,60.2
market,BHF,2026-07-03,64.01,60.2
market,BLND,2026-07-03,1.81,60.2
market,AVA,2026-07-03,41.4,60.1
market,LMAT,2026-07-03,102.88,60.0
market,ASIC,2026-07-03,25.42,60.0
market,MRP,2026-07-03,29.77,60.0
market,CIM,2026-07-03,13.12,59.9
market,LOVE,2026-07-03,17.49,59.9
market,ICUI,2026-07-03,154.97,59.9
market,RFI,2026-07-03,11.48,59.9
market,PLPC,2026-07-03,368.77,59.9
market,CWK,2026-07-03,13.99,59.8
market,MFA,2026-07-03,9.48,59.8
market,AVNT,2026-07-03,37.31,59.8
market,NDMO,2026-07-03,10.44,59.8
market,UPST,2026-07-03,34.78,59.7
market,MYE,2026-07-03,31.54,59.7
market,KINS,2026-07-03,20.12,59.7
market,CMBT,2026-07-03,14.56,59.7
market,ETV,2026-07-03,15.02,59.7
market,EWTX,2026-07-03,39.56,59.6
market,RPAY,2026-07-03,4.24,59.6
market,ICFI,2026-07-03,74.99,59.6
market,PDX,2026-07-03,20.91,59.6
market,AGL,2026-07-03,111.01,59.5
market,VMO,2026-07-03,9.9,59.5
market,BDN,2026-07-03,3.24,59.5
market,AYA,2026-07-03,19.62,59.5
market,AMBA,2026-07-03,78.36,59.5
market,UTL,2026-07-03,53.48,59.5
market,USNA,2026-07-03,21.51,59.4
market,INSW,2026-07-03,82.4,59.4
market,FIVN,2026-07-03,23.44,59.3
market,GBFH,2026-07-03,31.8,59.3
market,VIR,2026-07-03,10.04,59.3
market,SAIC,2026-07-03,110.96,59.3
market,ATAI,2026-07-03,5.19,59.3
market,BKU,2026-07-03,48.57,59.2
market,VKQ,2026-07-03,10.07,59.2
market,TXG,2026-07-03,39.01,59.2
market,IRS,2026-07-03,15.81,59.2
market,BETA,2026-07-03,18.11,59.1
market,AGO,2026-07-03,83.67,59.1
market,VCEL,2026-07-03,46.98,59.1
market,SGMT,2026-07-03,7.61,59.1
market,CGEM,2026-07-03,17.63,59.0
market,CRVL,2026-07-03,64.14,59.0
market,SDGR,2026-07-03,16.88,59.0
market,IBEX,2026-07-03,32.13,59.0
market,ARDC,2026-07-03,12.77,59.0
market,ACNT,2026-07-03,15.26,59.0
market,ACVA,2026-07-03,7.3,58.9
market,ARR,2026-07-03,17.13,58.8
market,SMPL,2026-07-03,13.73,58.8
market,MPAA,2026-07-03,14.67,58.8
market,NSIT,2026-07-03,113.34,58.8
market,AZTA,2026-07-03,25.84,58.7
market,ATLC,2026-07-03,96.4,58.7
market,CV,2026-07-03,7.28,58.7
market,IOVA,2026-07-03,4.31,58.6
market,MRBK,2026-07-03,19.64,58.6
market,IIM,2026-07-03,12.93,58.6
market,NMIH,2026-07-03,41.04,58.6
market,SLDE,2026-07-03,21.25,58.6
market,SGHT,2026-07-03,5.45,58.6
market,IQI,2026-07-03,10.2,58.6
market,VTEX,2026-07-03,4.14,58.5
market,JILL,2026-07-03,16.49,58.5
market,TRTX,2026-07-03,8.4,58.5
market,LOMA,2026-07-03,11.76,58.5
market,CBAN,2026-07-03,20.23,58.5
market,GOLD,2026-07-03,43.99,58.4
market,DLTH,2026-07-03,4.45,58.4
market,SKWD,2026-07-03,61.42,58.3
market,VGM,2026-07-03,10.58,58.3
market,TIPT,2026-07-03,18.2,58.3
market,FTRE,2026-07-03,17.28,58.3
market,VEL,2026-07-03,18.57,58.3
market,KALU,2026-07-03,176.27,58.2
market,DERM,2026-07-03,7.09,58.2
market,CASH,2026-07-03,88.72,58.1
market,CLAR,2026-07-03,3.16,58.1
market,XNCR,2026-07-03,15.0,58.1
market,ESP,2026-07-03,64.97,57.9
market,LPRO,2026-07-03,3.11,57.9
market,ALMS,2026-07-03,26.5,57.9
market,BULL,2026-07-03,7.17,57.8
market,BDJ,2026-07-03,9.65,57.8
market,UTI,2026-07-03,48.24,57.8
market,RIGL,2026-07-03,38.72,57.8
market,KZIA,2026-07-03,13.25,57.7
market,VKTX,2026-07-03,37.44,57.7
market,KREF,2026-07-03,7.03,57.7
market,FHI,2026-07-03,56.6,57.7
market,MYI,2026-07-03,11.12,57.6
market,TBRG,2026-07-03,26.24,57.6
market,GBAB,2026-07-03,14.33,57.6
market,LIND,2026-07-03,26.22,57.5
market,PDO,2026-07-03,13.25,57.5
market,SKY,2026-07-03,85.25,57.5
market,HSHP,2026-07-03,14.14,57.4
market,WTFCN,2026-07-03,26.03,57.4
market,FTHY,2026-07-03,13.59,57.3
market,IMMR,2026-07-03,6.78,57.2
market,NAT,2026-07-03,5.81,57.2
market,NWE,2026-07-03,71.32,57.2
market,ACAD,2026-07-03,25.97,57.2
market,NOMD,2026-07-03,11.42,57.1
market,TY,2026-07-03,34.94,57.1
market,ANGX,2026-07-03,3.54,57.1
market,FCPT,2026-07-03,25.11,57.1
market,DX,2026-07-03,13.01,57.1
market,HROW,2026-07-03,42.74,57.1
market,WEN,2026-07-03,8.6,57.1
market,ABX,2026-07-03,11.86,57.0
market,MTA,2026-07-03,7.64,57.0
market,LXRX,2026-07-03,2.32,57.0
market,HGTY,2026-07-03,12.39,57.0
market,TALK,2026-07-03,5.2,57.0
market,IRMD,2026-07-03,100.97,57.0
market,TCMD,2026-07-03,31.35,56.9
market,NMRK,2026-07-03,15.72,56.9
market,UHT,2026-07-03,45.82,56.9
market,TNGX,2026-07-03,29.46,56.9
market,EFSI,2026-07-03,40.91,56.9
market,ALLT,2026-07-03,8.43,56.9
market,ORMP,2026-07-03,4.6,56.8
market,NTLA,2026-07-03,17.56,56.8
market,ASTE,2026-07-03,57.56,56.8
market,OSG,2026-07-03,6.34,56.8
market,BBSI,2026-07-03,37.91,56.7
market,SEPN,2026-07-03,34.0,56.7
market,OKUR,2026-07-03,4.58,56.7
market,MEC,2026-07-03,33.55,56.7
market,WD,2026-07-03,54.55,56.6
market,NATL,2026-07-03,44.57,56.6
market,VLGEA,2026-07-03,42.34,56.6
market,FRD,2026-07-03,33.62,56.6
market,BCAX,2026-07-03,29.0,56.6
market,FIRY,2026-07-03,9.74,56.6
market,NVAX,2026-07-03,9.74,56.6
market,PVLA,2026-07-03,146.76,56.6
market,NVEC,2026-07-03,98.22,56.5
market,SPT,2026-07-03,8.08,56.5
market,KSS,2026-07-03,18.19,56.4
market,AVPT,2026-07-03,11.46,56.4
market,NRXP,2026-07-03,3.87,56.4
market,PGY,2026-07-03,17.79,56.4
market,TKNO,2026-07-03,5.79,56.3
market,GO,2026-07-03,10.39,56.3
market,OMDA,2026-07-03,22.39,56.3
market,MUA,2026-07-03,11.0,56.2
market,LFMD,2026-07-03,4.87,56.1
market,KLC,2026-07-03,4.85,56.1
market,CODI,2026-07-03,10.61,56.0
market,ETW,2026-07-03,9.54,56.0
market,BRBS,2026-07-03,3.59,56.0
market,ADPT,2026-07-03,21.19,56.0
market,TLS,2026-07-03,4.9,56.0
market,NAMS,2026-07-03,34.83,55.9
market,BZFD,2026-07-03,1.5,55.9
market,TBBK,2026-07-03,63.89,55.8
market,GAB,2026-07-03,5.67,55.8
market,ZYME,2026-07-03,26.31,55.8
market,LCUT,2026-07-03,8.56,55.7
market,CNNE,2026-07-03,14.72,55.6
market,AUNA,2026-07-03,5.27,55.6
market,CLBT,2026-07-03,15.65,55.5
market,ROOT,2026-07-03,61.73,55.5
market,DLY,2026-07-03,14.1,55.5
market,KOD,2026-07-03,38.54,55.5
market,PHR,2026-07-03,10.94,55.5
market,NATH,2026-07-03,101.55,55.4
market,RDCM,2026-07-03,14.56,55.4
market,GPRE,2026-07-03,15.51,55.4
market,PDEX,2026-07-03,61.33,55.4
market,ABOS,2026-07-03,2.74,55.4
market,GDV,2026-07-03,29.57,55.3
market,BSM,2026-07-03,13.79,55.3
market,BANF,2026-07-03,113.97,55.3
market,CHSCO,2026-07-03,25.83,55.3
market,REX,2026-07-03,44.98,55.3
market,NGVT,2026-07-03,72.49,55.2
market,CUE,2026-07-03,28.26,55.2
market,IFRX,2026-07-03,2.24,55.2
market,STC,2026-07-03,67.96,55.2
market,SLGL,2026-07-03,74.01,55.2
market,ALGT,2026-07-03,118.67,55.2
market,GRVY,2026-07-03,65.58,55.2
market,MITT,2026-07-03,7.68,55.1
market,TLX,2026-07-03,11.87,55.0
market,BALY,2026-07-03,14.7,55.0
market,YORW,2026-07-03,31.42,55.0
market,PTA,2026-07-03,19.32,54.8
market,OFLX,2026-07-03,31.35,54.8
market,PTON,2026-07-03,5.75,54.8
market,VCV,2026-07-03,10.79,54.7
market,DSL,2026-07-03,11.01,54.7
market,FBIO,2026-07-03,3.04,54.6
market,REPL,2026-07-03,11.58,54.4
market,MNRO,2026-07-03,17.21,54.4
market,WAVE,2026-07-03,9.25,54.3
market,PI,2026-07-03,141.58,54.2
market,LODE,2026-07-03,4.19,54.2
market,NCMI,2026-07-03,3.97,54.1
market,SG,2026-07-03,8.77,54.1
market,AAMI,2026-07-03,73.09,54.1
market,SLM,2026-07-03,25.6,54.0
market,SAFT,2026-07-03,77.47,54.0
market,EVER,2026-07-03,24.86,53.9
market,NXP,2026-07-03,14.41,53.8
market,HIPO,2026-07-03,28.93,53.8
market,FNWD,2026-07-03,36.8,53.8
market,ICHR,2026-07-03,98.22,53.7
market,MQY,2026-07-03,11.62,53.7
market,LNN,2026-07-03,122.12,53.7
market,TECX,2026-07-03,37.93,53.6
market,BBAR,2026-07-03,19.45,53.6
market,NPCE,2026-07-03,16.14,53.5
market,SDHC,2026-07-03,15.91,53.5
market,MGNI,2026-07-03,20.38,53.5
market,SSTI,2026-07-03,9.08,53.5
market,MUC,2026-07-03,11.04,53.5
market,DLO,2026-07-03,14.88,53.4
market,SVC,2026-07-03,1.73,53.4
market,NWL,2026-07-03,5.83,53.4
market,AERO,2026-07-03,17.49,53.4
market,RELL,2026-07-03,16.61,53.4
market,EVC,2026-07-03,13.05,53.4
market,GLUE,2026-07-03,24.21,53.4
market,SMHI,2026-07-03,7.59,53.4
market,MDXG,2026-07-03,3.95,53.4
market,INMD,2026-07-03,14.8,53.3
market,CRTO,2026-07-03,19.08,53.3
market,AIOT,2026-07-03,4.37,53.2
market,BHE,2026-07-03,86.13,53.2
market,SLGN,2026-07-03,46.39,53.1
market,HLIT,2026-07-03,14.07,53.1
market,NHI,2026-07-03,77.49,53.1
market,WTTR,2026-07-03,17.99,53.1
market,MAN,2026-07-03,38.79,53.1
market,LIF,2026-07-03,57.71,53.1
market,RICK,2026-07-03,27.44,53.1
market,CDXS,2026-07-03,2.47,53.0
market,VRDN,2026-07-03,19.4,53.0
market,CLMB,2026-07-03,23.86,53.0
market,PD,2026-07-03,9.98,53.0
market,BNED,2026-07-03,12.19,53.0
market,LILAK,2026-07-03,7.63,52.9
market,USPH,2026-07-03,72.35,52.9
market,BIOA,2026-07-03,25.1,52.9
market,GPK,2026-07-03,10.85,52.9
market,AURA,2026-07-03,7.74,52.9
market,HRZN,2026-07-03,4.72,52.8
market,GLAD,2026-07-03,19.54,52.8
market,LFST,2026-07-03,11.27,52.8
market,ACHC,2026-07-03,31.91,52.7
market,OUST,2026-07-03,49.84,52.7
market,IMDX,2026-07-03,5.74,52.6
market,MGEE,2026-07-03,84.23,52.6
market,CRNC,2026-07-03,10.71,52.6
market,OPFI,2026-07-03,9.96,52.6
market,IRWD,2026-07-03,4.33,52.6
market,CADL,2026-07-03,9.83,52.5
market,KRRO,2026-07-03,14.0,52.5
market,DNA,2026-07-03,10.4,52.5
market,EVTC,2026-07-03,29.63,52.4
market,EML,2026-07-03,29.11,52.4
market,GCTS,2026-07-03,2.62,52.4
market,UPBD,2026-07-03,19.89,52.4
market,RXRX,2026-07-03,3.8,52.4
market,CTRN,2026-07-03,55.28,52.3
market,ANRO,2026-07-03,24.78,52.3
market,WINA,2026-07-03,424.29,52.3
market,INVA,2026-07-03,22.31,52.2
market,KNF,2026-07-03,84.88,52.2
market,ELA,2026-07-03,25.56,52.2
market,CARG,2026-07-03,36.24,52.2
market,AVIR,2026-07-03,4.98,52.2
market,KFY,2026-07-03,69.68,52.2
market,KRP,2026-07-03,14.49,52.1
market,PGNY,2026-07-03,30.22,52.0
market,MFM,2026-07-03,5.61,52.0
market,GSL,2026-07-03,38.11,52.0
market,LEO,2026-07-03,6.47,52.0
market,PDFS,2026-07-03,59.18,52.0
market,GRRR,2026-07-03,18.51,52.0
market,NTRSO,2026-07-03,18.89,51.9
market,SGRY,2026-07-03,17.23,51.8
market,GAM,2026-07-03,63.94,51.8
market,AOUT,2026-07-03,13.37,51.8
market,FTW,2026-07-03,11.97,51.7
market,FWRG,2026-07-03,13.09,51.7
market,ORN,2026-07-03,14.81,51.6
market,AII,2026-07-03,19.27,51.6
market,TGLS,2026-07-03,45.62,51.6
market,HOV,2026-07-03,134.53,51.5
market,SILC,2026-07-03,42.59,51.5
market,RRGB,2026-07-03,7.15,51.5
market,SOPH,2026-07-03,5.35,51.4
market,SUPN,2026-07-03,48.05,51.4
market,FDMT,2026-07-03,13.0,51.4
market,ABG,2026-07-03,205.4,51.4
market,VRTS,2026-07-03,151.64,51.3
market,BBWI,2026-07-03,21.96,51.3
market,RZC,2026-07-03,25.42,51.3
market,UTZ,2026-07-03,8.27,51.3
market,EEFT,2026-07-03,77.18,51.3
market,MBC,2026-07-03,9.88,51.2
market,STRT,2026-07-03,77.84,51.2
market,ASTH,2026-07-03,49.17,51.2
market,IHRT,2026-07-03,4.38,51.2
market,RJET,2026-07-03,21.39,51.2
market,ANF,2026-07-03,92.42,51.2
market,ALRM,2026-07-03,49.69,51.2
market,MCFT,2026-07-03,23.79,51.2
market,BNTC,2026-07-03,13.22,51.2
market,GCBC,2026-07-03,34.66,51.2
market,NNBR,2026-07-03,3.49,51.2
market,SKYW,2026-07-03,96.88,51.2
market,BH,2026-07-03,420.92,51.1
market,IMCR,2026-07-03,32.5,51.0
market,STOK,2026-07-03,32.7,51.0
market,ARDT,2026-07-03,10.76,50.9
market,TRC,2026-07-03,18.86,50.9
market,HPP,2026-07-03,16.91,50.9
market,DAVE,2026-07-03,387.36,50.8
market,CBLL,2026-07-03,19.55,50.8
market,ADUS,2026-07-03,105.17,50.7
market,ARQT,2026-07-03,25.81,50.7
market,DFH,2026-07-03,16.79,50.7
market,CTEV,2026-07-03,32.64,50.7
market,GNT,2026-07-03,8.2,50.6
market,SNDX,2026-07-03,21.82,50.6
market,INSE,2026-07-03,7.88,50.6
market,HHH,2026-07-03,74.21,50.6
market,OPTX,2026-07-03,10.88,50.6
market,INBX,2026-07-03,97.58,50.5
market,BAND,2026-07-03,61.6,50.4
market,CLPT,2026-07-03,18.72,50.4
market,LIXT,2026-07-03,7.21,50.4
market,BMI,2026-07-03,145.87,50.3
market,LILA,2026-07-03,7.62,50.3
market,UAN,2026-07-03,114.0,50.2
market,CRSR,2026-07-03,8.9,50.2
market,EVLV,2026-07-03,6.24,50.1
market,DEC,2026-07-03,14.3,50.1
market,BKTI,2026-07-03,84.65,50.0
market,INDI,2026-07-03,4.33,50.0
market,KMTS,2026-07-03,26.98,50.0
market,CCB,2026-07-03,78.35,49.9
market,DAC,2026-07-03,122.32,49.9
market,ZIM,2026-07-03,25.57,49.8
market,AVNW,2026-07-03,21.17,49.8
market,WNC,2026-07-03,13.26,49.7
market,SWBI,2026-07-03,14.95,49.7
market,RNW,2026-07-03,6.09,49.7
market,SKYT,2026-07-03,34.24,49.7
market,AHCO,2026-07-03,10.76,49.6
market,OSS,2026-07-03,15.69,49.6
market,ALXO,2026-07-03,2.07,49.6
market,RXT,2026-07-03,5.72,49.5
market,UIS,2026-07-03,3.75,49.5
market,PSNL,2026-07-03,13.62,49.4
market,YELP,2026-07-03,26.52,49.4
market,EQ,2026-07-03,2.91,49.4
market,ZGN,2026-07-03,13.17,49.3
market,SMC,2026-07-03,29.8,49.3
market,NBTX,2026-07-03,38.4,49.3
market,GLP,2026-07-03,47.47,49.2
market,PACB,2026-07-03,1.68,49.2
market,BFLY,2026-07-03,7.68,49.2
market,RZLT,2026-07-03,4.91,49.2
market,MEI,2026-07-03,15.3,49.1
market,PRVA,2026-07-03,27.36,49.1
market,NWN,2026-07-03,49.73,49.1
market,LXFR,2026-07-03,17.14,49.1
market,VERA,2026-07-03,41.2,49.0
market,QFIN,2026-07-03,15.46,48.9
market,JBGS,2026-07-03,15.47,48.8
market,TBPH,2026-07-03,16.93,48.8
market,HQL,2026-07-03,20.12,48.7
market,USAU,2026-07-03,16.49,48.6
market,COHU,2026-07-03,59.27,48.6
market,WING,2026-07-03,177.99,48.6
market,LPTH,2026-07-03,14.56,48.6
market,RNG,2026-07-03,40.01,48.6
market,PBT,2026-07-03,24.8,48.5
market,ROG,2026-07-03,143.9,48.5
market,DSGN,2026-07-03,15.64,48.4
market,LADR,2026-07-03,10.01,48.4
market,PZZA,2026-07-03,35.82,48.4
market,ELVA,2026-07-03,9.7,48.4
market,CNTB,2026-07-03,2.46,48.4
market,TUSK,2026-07-03,3.13,48.4
market,FLO,2026-07-03,8.63,48.3
market,PRSU,2026-07-03,55.4,48.3
market,HLIO,2026-07-03,82.39,48.3
market,IMNM,2026-07-03,23.61,48.3
market,AEVA,2026-07-03,23.98,48.2
market,IMTX,2026-07-03,9.95,48.1
market,RNAC,2026-07-03,10.59,48.1
market,SBR,2026-07-03,73.11,48.1
market,CABA,2026-07-03,3.19,48.0
market,RH,2026-07-03,169.08,48.0
market,FOA,2026-07-03,27.47,47.9
market,CMRC,2026-07-03,3.15,47.7
market,TNET,2026-07-03,55.21,47.7
market,IMAX,2026-07-03,39.88,47.7
market,APOG,2026-07-03,40.57,47.6
market,ESEA,2026-07-03,66.38,47.6
market,WATT,2026-07-03,24.09,47.6
market,ALKT,2026-07-03,19.02,47.6
market,GNE,2026-07-03,14.62,47.6
market,PTRN,2026-07-03,26.43,47.5
market,CXT,2026-07-03,52.5,47.5
market,COOK,2026-07-03,73.83,47.5
market,STUB,2026-07-03,12.86,47.5
market,IRD,2026-07-03,4.23,47.5
market,IRTC,2026-07-03,126.48,47.5
market,ADV,2026-07-03,38.86,47.5
market,XFOR,2026-07-03,4.13,47.4
market,UMAC,2026-07-03,22.08,47.4
market,JANX,2026-07-03,15.54,47.4
market,TWFG,2026-07-03,25.8,47.4
market,IIIN,2026-07-03,29.92,47.3
market,PDI,2026-07-03,16.7,47.3
market,CSTL,2026-07-03,24.11,47.3
market,BCBP,2026-07-03,10.28,47.3
market,SBLK,2026-07-03,25.15,47.3
market,LAKE,2026-07-03,12.36,47.2
market,GLRE,2026-07-03,16.37,47.1
market,ROCK,2026-07-03,43.92,47.1
market,WEAV,2026-07-03,6.58,47.1
market,TENX,2026-07-03,15.46,47.1
market,TRIP,2026-07-03,14.29,47.0
market,XPOF,2026-07-03,6.78,47.0
market,ARCO,2026-07-03,8.23,46.9
market,ARHS,2026-07-03,8.62,46.9
market,XRAY,2026-07-03,11.65,46.9
market,NSP,2026-07-03,45.37,46.9
market,VEON,2026-07-03,52.0,46.8
market,RARE,2026-07-03,33.47,46.8
market,DBRG,2026-07-03,15.78,46.7
market,TMCI,2026-07-03,4.21,46.7
market,SRTA,2026-07-03,5.41,46.7
market,GRAL,2026-07-03,69.11,46.6
market,BKV,2026-07-03,27.35,46.6
market,MMSI,2026-07-03,71.09,46.6
market,BRSP,2026-07-03,5.44,46.6
market,DRTS,2026-07-03,13.23,46.6
market,BHVN,2026-07-03,15.96,46.6
market,CCCC,2026-07-03,4.3,46.5
market,OTLK,2026-07-03,1.45,46.5
market,AKR,2026-07-03,21.27,46.5
market,CON,2026-07-03,31.91,46.5
market,CXW,2026-07-03,31.03,46.4
market,ACH,2026-07-03,3.59,46.3
market,CBRL,2026-07-03,53.5,46.2
market,CRNX,2026-07-03,42.23,46.2
market,AIRS,2026-07-03,4.52,46.1
market,STAA,2026-07-03,27.79,46.1
market,FA,2026-07-03,20.53,46.1
market,PRME,2026-07-03,3.87,46.1
market,CRCT,2026-07-03,4.46,46.1
market,COLL,2026-07-03,37.03,46.0
market,IAUX,2026-07-03,1.49,46.0
market,NEXA,2026-07-03,13.04,45.9
market,GNL,2026-07-03,9.21,45.9
market,INNV,2026-07-03,11.99,45.9
market,HMN,2026-07-03,53.85,45.8
market,EVH,2026-07-03,5.71,45.8
market,CDP,2026-07-03,37.67,45.7
market,SPSC,2026-07-03,59.07,45.7
market,LKFT,2026-07-03,30.39,45.6
market,WYY,2026-07-03,15.92,45.5
market,ALG,2026-07-03,170.25,45.5
market,DXPE,2026-07-03,157.98,45.5
market,ISSC,2026-07-03,18.39,45.5
market,CHSCL,2026-07-03,25.31,45.5
market,PLMR,2026-07-03,140.0,45.5
market,SUNS,2026-07-03,8.19,45.5
market,SWIM,2026-07-03,6.14,45.4
market,ALNT,2026-07-03,86.89,45.4
market,NEXT,2026-07-03,7.58,45.4
market,OBIO,2026-07-03,4.19,45.3
market,NEO,2026-07-03,15.16,45.2
market,TBCH,2026-07-03,12.55,45.2
market,RHLD,2026-07-03,148.34,45.2
market,RNP,2026-07-03,20.65,45.2
market,CARL,2026-07-03,11.34,45.2
market,TRUP,2026-07-03,26.91,45.2
market,WHWK,2026-07-03,4.19,45.0
market,STRO,2026-07-03,30.43,44.9
market,EXFY,2026-07-03,1.7,44.9
market,AVTX,2026-07-03,18.84,44.8
market,SBH,2026-07-03,14.14,44.8
market,VTVT,2026-07-03,35.4,44.8
market,BELFB,2026-07-03,266.94,44.8
market,FEIM,2026-07-03,64.59,44.8
market,QNST,2026-07-03,15.82,44.8
market,MGTX,2026-07-03,13.92,44.6
market,NRIX,2026-07-03,23.97,44.5
market,PRCH,2026-07-03,15.19,44.5
market,NGL,2026-07-03,15.19,44.4
market,CALM,2026-07-03,83.85,44.4
market,ALLO,2026-07-03,2.08,44.3
market,TRLV,2026-07-03,9.78,44.3
market,MAKO,2026-07-03,7.65,44.3
market,ASPN,2026-07-03,5.58,44.3
market,PLUS,2026-07-03,80.82,44.3
market,IVR,2026-07-03,7.85,44.3
market,BDSX,2026-07-03,21.99,44.2
market,ELMD,2026-07-03,45.43,44.2
market,ATRC,2026-07-03,31.79,44.1
market,BSET,2026-07-03,20.23,44.1
market,TARS,2026-07-03,65.44,44.0
market,ADEA,2026-07-03,29.24,44.0
market,BME,2026-07-03,43.65,44.0
market,ASBA,2026-07-03,24.47,43.9
market,GPGI,2026-07-03,16.75,43.9
market,MTX,2026-07-03,74.46,43.9
market,POWI,2026-07-03,72.99,43.8
market,NVCT,2026-07-03,19.57,43.7
market,CXDO,2026-07-03,7.62,43.7
market,AMSF,2026-07-03,34.99,43.7
market,EYPT,2026-07-03,13.98,43.7
market,MNR,2026-07-03,12.6,43.7
market,SEVN,2026-07-03,8.57,43.6
market,IHS,2026-07-03,8.22,43.6
market,FSLY,2026-07-03,18.13,43.6
market,DLX,2026-07-03,24.31,43.5
market,SLN,2026-07-03,10.39,43.5
market,GRND,2026-07-03,16.06,43.5
market,PACK,2026-07-03,6.55,43.5
market,AIRJ,2026-07-03,4.84,43.5
market,DAKT,2026-07-03,19.91,43.4
market,TAC,2026-07-03,13.47,43.4
market,RZLV,2026-07-03,2.84,43.4
market,ATRO,2026-07-03,70.83,43.3
market,BMEZ,2026-07-03,15.71,43.3
market,MATW,2026-07-03,26.69,43.3
market,FRA,2026-07-03,10.92,43.3
market,FCEL,2026-07-03,28.11,43.3
market,NTSK,2026-07-03,11.71,43.2
market,KN,2026-07-03,36.78,43.2
market,OCUL,2026-07-03,9.64,43.2
market,IEP,2026-07-03,7.24,43.2
market,TSAT,2026-07-03,46.23,43.1
market,CTKB,2026-07-03,4.59,43.1
market,CUB,2026-07-03,10.81,43.1
market,HURA,2026-07-03,2.44,43.1
market,NMAX,2026-07-03,8.99,43.1
market,CTOS,2026-07-03,10.04,43.1
market,HE,2026-07-03,13.63,43.0
market,HRTG,2026-07-03,27.12,43.0
market,ETD,2026-07-03,21.69,43.0
market,OWLT,2026-07-03,5.76,42.9
market,BCX,2026-07-03,11.46,42.9
market,CTS,2026-07-03,60.5,42.8
market,BWLP,2026-07-03,18.37,42.8
market,PENG,2026-07-03,61.47,42.8
market,FOSL,2026-07-03,4.23,42.7
market,ALOT,2026-07-03,28.51,42.7
market,INGN,2026-07-03,6.6,42.6
market,XERS,2026-07-03,8.28,42.6
market,IPAR,2026-07-03,119.39,42.5
market,LMNR,2026-07-03,13.22,42.5
market,VYX,2026-07-03,8.7,42.4
market,BBNX,2026-07-03,16.76,42.2
market,RFIL,2026-07-03,17.81,42.2
market,PRQR,2026-07-03,1.81,42.2
market,FC,2026-07-03,21.78,42.0
market,IIIV,2026-07-03,21.69,42.0
market,MLKN,2026-07-03,21.42,42.0
market,ZVIA,2026-07-03,1.75,42.0
market,KAI,2026-07-03,309.0,41.9
market,KYTX,2026-07-03,8.89,41.8
market,ASM,2026-07-03,6.57,41.8
market,BFAM,2026-07-03,75.14,41.8
market,SIFY,2026-07-03,15.32,41.8
market,PROK,2026-07-03,2.03,41.8
market,CEVA,2026-07-03,40.42,41.7
market,FBYD,2026-07-03,19.23,41.7
market,SHLS,2026-07-03,9.95,41.7
market,MNKD,2026-07-03,4.52,41.6
market,GENI,2026-07-03,6.43,41.5
market,NGS,2026-07-03,39.46,41.4
market,VIA,2026-07-03,19.31,41.4
market,PALI,2026-07-03,2.1,41.4
market,EDIT,2026-07-03,3.65,41.2
market,ATOM,2026-07-03,7.41,41.2
market,ATHM,2026-07-03,18.18,41.1
market,WW,2026-07-03,16.31,41.0
market,AMPL,2026-07-03,8.84,40.9
market,CYH,2026-07-03,3.9,40.8
market,PRAA,2026-07-03,18.28,40.8
market,ARCB,2026-07-03,139.67,40.7
market,MG,2026-07-03,16.69,40.7
market,HLF,2026-07-03,13.11,40.5
market,PRGS,2026-07-03,38.42,40.5
market,HCAT,2026-07-03,2.08,40.5
market,PESI,2026-07-03,13.51,40.4
market,TEN,2026-07-03,37.37,40.3
market,ABCL,2026-07-03,8.11,40.3
market,FOUR,2026-07-03,51.35,40.2
market,REAL,2026-07-03,11.58,40.2
market,THRM,2026-07-03,33.88,40.2
market,ANTX,2026-07-03,4.42,40.2
market,RCEL,2026-07-03,5.06,40.2
market,MNTN,2026-07-03,11.15,40.1
market,UCTT,2026-07-03,106.48,40.1
market,RQI,2026-07-03,12.5,40.1
market,AVAH,2026-07-03,9.1,40.1
market,WGS,2026-07-03,67.51,40.0
market,TAYD,2026-07-03,57.05,40.0
market,PII,2026-07-03,63.12,40.0
market,CEPU,2026-07-03,14.66,40.0
market,ELE,2026-07-03,17.11,39.9
market,ARTV,2026-07-03,9.61,39.9
market,FLNG,2026-07-03,29.29,39.9
market,APPS,2026-07-03,12.71,39.8
market,JCAP,2026-07-03,18.82,39.8
market,CAMP,2026-07-03,4.43,39.8
market,REPX,2026-07-03,32.51,39.7
market,MXCT,2026-07-03,1.22,39.7
market,SRI,2026-07-03,6.93,39.7
market,TREE,2026-07-03,45.0,39.7
market,SEDG,2026-07-03,52.38,39.7
market,TLSI,2026-07-03,4.69,39.7
market,OI,2026-07-03,9.79,39.6
market,SYNA,2026-07-03,119.52,39.5
market,QURE,2026-07-03,41.81,39.5
market,BRUN,2026-07-03,31.76,39.4
market,CHSCN,2026-07-03,24.77,39.4
market,CSW,2026-07-03,276.12,39.4
market,HDSN,2026-07-03,5.99,39.2
market,INTT,2026-07-03,15.7,39.1
market,SVCO,2026-07-03,11.1,39.1
market,OCC,2026-07-03,16.0,39.1
market,PYXS,2026-07-03,2.63,39.0
market,PERI,2026-07-03,9.4,39.0
market,EPRX,2026-07-03,6.69,38.9
market,ASYS,2026-07-03,18.8,38.8
market,TENB,2026-07-03,38.6,38.8
market,HLMN,2026-07-03,8.12,38.7
market,IMPP,2026-07-03,4.76,38.6
market,EPAC,2026-07-03,34.87,38.6
market,VRNS,2026-07-03,42.86,38.6
market,SMP,2026-07-03,37.93,38.5
market,MRAM,2026-07-03,19.14,38.5
market,ATEX,2026-07-03,105.14,38.5
market,VPG,2026-07-03,121.59,38.4
market,AOSL,2026-07-03,37.11,38.4
market,MYGN,2026-07-03,5.99,38.2
market,ASMB,2026-07-03,27.74,38.2
market,BCC,2026-07-03,75.93,38.2
market,ELF,2026-07-03,76.42,38.2
market,SB,2026-07-03,6.4,38.1
market,FATE,2026-07-03,2.92,37.9
market,WALD,2026-07-03,1.68,37.9
market,ONT,2026-07-03,20.92,37.9
market,KRNT,2026-07-03,15.61,37.8
market,KVHI,2026-07-03,9.09,37.7
market,AESI,2026-07-03,14.47,37.7
market,NAVI,2026-07-03,8.61,37.6
market,ARQQ,2026-07-03,23.51,37.6
market,AGYS,2026-07-03,110.81,37.6
market,NUVB,2026-07-03,5.7,37.6
market,ITRN,2026-07-03,57.14,37.5
market,HIMX,2026-07-03,13.15,37.5
market,RNGR,2026-07-03,15.42,37.5
market,GPCR,2026-07-03,53.45,37.5
market,THM,2026-07-03,2.32,37.3
market,NKTR,2026-07-03,71.04,37.3
market,HNI,2026-07-03,41.43,37.3
market,MX,2026-07-03,4.12,37.3
market,CGNT,2026-07-03,8.99,37.1
market,KULR,2026-07-03,3.85,37.1
market,NUTX,2026-07-03,196.53,37.1
market,CECO,2026-07-03,82.15,37.1
market,TE,2026-07-03,8.56,36.9
market,AMPG,2026-07-03,5.99,36.8
market,VIVO,2026-07-03,4.68,36.8
market,KRUS,2026-07-03,57.61,36.7
market,TGB,2026-07-03,6.93,36.5
market,COUR,2026-07-03,5.9,36.5
market,DIOD,2026-07-03,96.25,36.5
market,CSTM,2026-07-03,29.49,36.5
market,PAR,2026-07-03,19.05,36.4
market,BGR,2026-07-03,14.96,36.4
market,SMWB,2026-07-03,6.18,36.4
market,RCKT,2026-07-03,3.84,36.4
market,YEXT,2026-07-03,4.95,36.3
market,INOD,2026-07-03,68.88,36.3
market,AUTL,2026-07-03,1.58,36.3
market,KOPN,2026-07-03,3.9,36.2
market,TRT,2026-07-03,10.38,36.2
market,ALDX,2026-07-03,2.27,36.2
market,BELFA,2026-07-03,230.16,36.2
market,FORR,2026-07-03,9.45,36.2
market,CERT,2026-07-03,6.97,36.1
market,RVLV,2026-07-03,22.62,36.1
market,MAX,2026-07-03,13.43,36.1
market,GLNG,2026-07-03,49.01,36.1
market,AIV,2026-07-03,2.96,36.0
market,ANNX,2026-07-03,5.46,36.0
market,QUIK,2026-07-03,16.02,36.0
market,JYNT,2026-07-03,8.97,35.9
market,BTQ,2026-07-03,4.82,35.9
market,CGAU,2026-07-03,16.58,35.8
market,INTA,2026-07-03,27.39,35.8
market,ACLS,2026-07-03,144.5,35.8
market,DHT,2026-07-03,17.18,35.8
market,PHIN,2026-07-03,75.71,35.8
market,CVGI,2026-07-03,4.4,35.8
market,CVEO,2026-07-03,30.0,35.7
market,QH,2026-07-03,6.58,35.7
market,NSLR,2026-07-03,11.79,35.7
market,ZBIO,2026-07-03,27.23,35.7
market,DDD,2026-07-03,2.8,35.6
market,VVX,2026-07-03,74.1,35.6
market,LAR,2026-07-03,7.98,35.4
market,ONEW,2026-07-03,10.83,35.2
market,ELVR,2026-07-03,69.67,35.0
market,SEI,2026-07-03,67.19,35.0
market,NPKI,2026-07-03,14.31,35.0
market,WYFI,2026-07-03,31.44,35.0
market,ALOY,2026-07-03,13.28,34.9
market,SABS,2026-07-03,3.92,34.8
market,HASI,2026-07-03,38.26,34.8
market,MDU,2026-07-03,20.71,34.7
market,CAAP,2026-07-03,25.23,34.7
market,RLMD,2026-07-03,6.28,34.7
market,DMAC,2026-07-03,7.62,34.7
market,GRPN,2026-07-03,25.58,34.7
market,IPGP,2026-07-03,105.27,34.6
market,BLDP,2026-07-03,3.52,34.5
market,DSGR,2026-07-03,27.2,34.5
market,PLUG,2026-07-03,2.64,34.5
market,NVTS,2026-07-03,14.46,34.4
market,FGN,2026-07-03,24.48,34.3
market,SLDB,2026-07-03,10.84,34.3
market,RAIL,2026-07-03,8.97,34.3
market,QTRX,2026-07-03,4.33,34.3
market,MNPR,2026-07-03,97.79,34.2
market,USAC,2026-07-03,26.36,34.1
market,SXC,2026-07-03,7.82,34.1
market,SRZN,2026-07-03,24.92,34.0
market,FHTX,2026-07-03,5.3,34.0
market,TDUP,2026-07-03,7.03,34.0
market,JBI,2026-07-03,5.35,33.8
market,GT,2026-07-03,6.59,33.8
market,SLS,2026-07-03,14.98,33.7
market,GPRK,2026-07-03,9.07,33.7
market,GBX,2026-07-03,47.54,33.6
market,SKE,2026-07-03,28.7,33.5
market,DNN,2026-07-03,3.2,33.5
market,TRMD,2026-07-03,27.7,33.3
market,CRVS,2026-07-03,15.23,33.2
market,GCO,2026-07-03,33.16,33.2
market,KEEL,2026-07-03,4.59,33.2
market,AIIO,2026-07-03,4.17,33.1
market,UNIT,2026-07-03,10.75,33.1
market,DGXX,2026-07-03,4.6,32.9
market,SHOO,2026-07-03,39.92,32.9
market,AMC,2026-07-03,1.89,32.9
market,ECX,2026-07-03,1.25,32.8
market,ADTN,2026-07-03,12.71,32.8
market,LASR,2026-07-03,63.25,32.8
market,TYRA,2026-07-03,30.62,32.8
market,MBX,2026-07-03,57.8,32.8
market,DUOT,2026-07-03,10.23,32.7
market,XZO,2026-07-03,18.69,32.6
market,AEBI,2026-07-03,12.09,32.6
market,WEST,2026-07-03,7.06,32.6
market,HELP,2026-07-03,6.24,32.6
market,JACK,2026-07-03,17.2,32.6
market,DIBS,2026-07-03,4.88,32.6
market,CLW,2026-07-03,15.92,32.6
market,IMRX,2026-07-03,5.19,32.5
market,EFXT,2026-07-03,23.08,32.5
market,RVSB,2026-07-03,5.41,32.5
market,ALEC,2026-07-03,2.06,32.4
market,NLOP,2026-07-03,11.16,32.4
market,API,2026-07-03,4.01,32.4
market,CURV,2026-07-03,1.76,32.3
market,BBBY,2026-07-03,5.83,32.1
market,BXC,2026-07-03,56.84,32.1
market,STRS,2026-07-03,27.59,32.1
market,ALMU,2026-07-03,18.85,32.1
market,MAZE,2026-07-03,31.26,32.1
market,STTK,2026-07-03,7.05,32.1
market,NEWP,2026-07-03,4.28,32.0
market,WOLF,2026-07-03,40.0,31.9
market,TPC,2026-07-03,76.75,31.9
market,POET,2026-07-03,8.76,31.9
market,OCGN,2026-07-03,1.51,31.8
market,GORO,2026-07-03,1.27,31.8
market,RPD,2026-07-03,9.29,31.8
market,WTI,2026-07-03,3.09,31.6
market,PRTA,2026-07-03,9.69,31.5
market,ABSI,2026-07-03,11.62,31.5
market,DOO,2026-07-03,57.87,31.5
market,XRX,2026-07-03,2.8,31.4
market,GSHD,2026-07-03,52.69,31.3
market,ATNI,2026-07-03,24.81,31.2
market,UNFI,2026-07-03,45.57,31.1
market,LPA,2026-07-03,3.64,31.1
market,HRI,2026-07-03,134.91,30.9
market,FUN,2026-07-03,20.99,30.9
market,DFTX,2026-07-03,44.19,30.8
market,VOYG,2026-07-03,34.22,30.8
market,VATE,2026-07-03,14.81,30.7
market,MTW,2026-07-03,12.52,30.7
market,INDP,2026-07-03,3.03,30.7
market,RILY,2026-07-03,7.98,30.6
market,STNG,2026-07-03,73.01,30.6
market,MTRX,2026-07-03,12.53,30.5
market,SND,2026-07-03,4.7,30.3
market,TALO,2026-07-03,13.59,30.3
market,TLYS,2026-07-03,3.94,30.3
market,MARA,2026-07-03,12.4,30.3
market,NERV,2026-07-03,5.1,30.2
market,COCO,2026-07-03,66.16,30.2
market,MLTX,2026-07-03,18.95,30.2
market,CTMX,2026-07-03,3.82,30.2
market,JBIO,2026-07-03,21.51,30.2
market,DMRA,2026-07-03,29.98,30.1
market,CWH,2026-07-03,7.23,30.1
market,SHIP,2026-07-03,13.43,30.1
market,BLZE,2026-07-03,15.62,29.9
market,ACTG,2026-07-03,4.54,29.6
market,QDEL,2026-07-03,18.25,29.6
market,PAY,2026-07-03,27.06,29.5
market,NAK,2026-07-03,1.86,29.5
market,AEHR,2026-07-03,69.96,29.3
market,SANA,2026-07-03,4.01,29.2
market,QMCO,2026-07-03,10.16,29.2
market,SFL,2026-07-03,10.59,29.2
market,VLN,2026-07-03,2.07,29.0
market,HYLN,2026-07-03,4.32,29.0
market,ATKR,2026-07-03,69.21,28.9
market,AIP,2026-07-03,35.06,28.8
market,SFIX,2026-07-03,3.84,28.6
market,CHRN,2026-07-03,16.49,28.2
market,ARIS,2026-07-03,16.0,28.2
market,BTE,2026-07-03,3.89,28.1
market,OVBC,2026-07-03,42.61,28.1
market,ORIC,2026-07-03,11.64,28.1
market,EGY,2026-07-03,5.06,28.0
market,NPK,2026-07-03,123.21,28.0
market,SUPV,2026-07-03,9.55,27.8
market,TTI,2026-07-03,9.3,27.6
market,HTFL,2026-07-03,27.97,27.6
market,LFCR,2026-07-03,5.09,27.6
market,VECO,2026-07-03,57.49,27.3
market,BWIN,2026-07-03,28.41,27.1
market,KMT,2026-07-03,33.49,26.8
market,WOR,2026-07-03,54.57,26.8
market,ARI,2026-07-03,10.39,26.8
market,FTH,2026-07-03,22.92,26.7
market,SATL,2026-07-03,5.43,26.6
market,BDC,2026-07-03,115.41,26.5
market,ZURA,2026-07-03,5.17,26.5
market,RGNX,2026-07-03,13.28,26.0
market,AKBA,2026-07-03,1.24,26.0
market,AUPH,2026-07-03,15.61,25.8
market,AXTI,2026-07-03,56.62,25.7
market,ERO,2026-07-03,26.21,25.6
market,LPG,2026-07-03,36.01,25.5
market,NBR,2026-07-03,77.86,25.2
market,TNK,2026-07-03,67.6,25.2
market,BTDR,2026-07-03,13.85,24.9
market,PRE,2026-07-03,16.93,24.8
market,SII,2026-07-03,114.98,24.7
market,BKSY,2026-07-03,27.88,24.6
market,ANL,2026-07-03,9.49,24.3
market,ECVT,2026-07-03,11.83,24.3
market,HAFN,2026-07-03,7.02,24.2
market,ANDE,2026-07-03,66.3,24.1
market,FGMC,2026-07-03,10.08,24.1
market,VOR,2026-07-03,20.59,24.0
market,ALIT,2026-07-03,14.26,24.0
market,AMPH,2026-07-03,19.64,23.8
market,CGTX,2026-07-03,1.17,23.8
market,GLSI,2026-07-03,22.0,23.6
market,SPRY,2026-07-03,8.56,23.6
market,HIVE,2026-07-03,3.24,23.3
market,PLBL,2026-07-03,10.26,23.2
market,HYPR,2026-07-03,1.3,23.1
market,CLSK,2026-07-03,12.62,22.9
market,SLSR,2026-07-03,8.45,22.9
market,TBN,2026-07-03,30.93,22.6
market,ALTG,2026-07-03,6.19,22.5
market,FET,2026-07-03,46.98,22.5
market,NUAI,2026-07-03,4.78,22.0
market,RDNW,2026-07-03,6.4,22.0
market,NRGV,2026-07-03,4.04,21.8
market,CC,2026-07-03,19.01,21.8
market,ASC,2026-07-03,14.86,21.8
market,GALT,2026-07-03,4.51,21.5
market,CHA,2026-07-03,11.01,21.3
market,TITN,2026-07-03,18.34,21.0
market,TK,2026-07-03,10.31,20.8
market,MTUS,2026-07-03,17.5,20.5
market,AQST,2026-07-03,4.18,20.4
market,CYD,2026-07-03,43.39,20.3
market,BOOT,2026-07-03,157.72,19.5
market,ALM,2026-07-03,15.71,19.0
market,FG,2026-07-03,27.94,18.4
market,CBZ,2026-07-03,35.12,18.1
market,AEO,2026-07-03,16.46,17.6
market,ODD,2026-07-03,17.9,17.5
market,BCSF,2026-07-03,12.64,17.1
market,AARD,2026-07-03,5.7,17.0
market,MAIN,2026-07-03,51.96,16.6
market,BRZE,2026-07-03,23.81,16.4
market,CPZ,2026-07-03,13.02,15.9
market,BLW,2026-07-03,12.53,15.9
market,KBR,2026-07-03,36.41,15.9
market,ZSQR,2026-07-03,10.99,15.8
market,CGBD,2026-07-03,10.89,15.7
market,BYRN,2026-07-03,6.97,15.3
market,ESRT,2026-07-03,5.69,15.2
market,BW,2026-07-03,11.74,15.1
market,ASPI,2026-07-03,5.63,15.1
market,FSCO,2026-07-03,4.95,14.8
market,SVM,2026-07-03,10.27,14.8
market,NCNO,2026-07-03,17.75,14.8
market,APPN,2026-07-03,24.4,14.7
market,QTWO,2026-07-03,52.63,14.7
market,LZ,2026-07-03,6.92,14.5
market,BRBR,2026-07-03,13.86,14.3
market,ITRI,2026-07-03,85.11,14.3
market,CPK,2026-07-03,125.0,14.1
market,STNE,2026-07-03,11.17,14.1
market,SRAD,2026-07-03,15.01,13.9
market,INO,2026-07-03,1.22,13.9
market,WK,2026-07-03,51.93,13.8
market,AGEN,2026-07-03,3.49,13.6
market,CCAP,2026-07-03,11.12,13.6
market,ALT,2026-07-03,3.16,13.5
market,AP,2026-07-03,7.35,13.4
market,TXO,2026-07-03,12.37,13.4
market,PSFE,2026-07-03,8.41,13.3
market,KROS,2026-07-03,11.26,13.3
market,DOCS,2026-07-03,21.86,13.3
market,CRAI,2026-07-03,146.79,13.2
market,REFI,2026-07-03,10.68,13.1
market,IMXI,2026-07-03,14.54,13.0
market,INSP,2026-07-03,46.95,13.0
market,AB,2026-07-03,36.31,13.0
market,BILL,2026-07-03,40.48,12.9
market,ADMA,2026-07-03,8.95,12.9
market,CCC,2026-07-03,5.58,12.9
market,XFLT,2026-07-03,17.79,12.8
market,MNDY,2026-07-03,79.77,12.8
market,FWDI,2026-07-03,4.81,12.7
market,CXM,2026-07-03,5.41,12.7
market,BHFAN,2026-07-03,12.1,12.6
market,FSK,2026-07-03,10.43,12.6
market,DCBO,2026-07-03,18.24,12.6
market,NRDS,2026-07-03,9.47,12.6
market,UP,2026-07-03,8.88,12.6
market,PRGO,2026-07-03,11.02,12.6
market,ONIT,2026-07-03,38.96,12.6
market,MBOT,2026-07-03,1.91,12.6
market,PMT,2026-07-03,10.81,12.5
market,OPTU,2026-07-03,1.16,12.5
market,FLWS,2026-07-03,3.85,12.5
market,PSNY,2026-07-03,20.44,12.4
market,CMPX,2026-07-03,2.27,12.4
market,THO,2026-07-03,76.5,12.3
market,GPOR,2026-07-03,168.87,12.2
market,ARX,2026-07-03,13.77,12.2
market,ASLE,2026-07-03,6.57,12.2
market,VREX,2026-07-03,10.61,12.2
market,LUXE,2026-07-03,8.03,12.2
market,WVE,2026-07-03,6.26,12.1
market,ARLO,2026-07-03,12.98,12.1
market,GWRS,2026-07-03,7.2,12.1
market,PAM,2026-07-03,80.58,12.1
market,CRBP,2026-07-03,9.25,12.1
market,JJSF,2026-07-03,75.92,12.0
market,ASAN,2026-07-03,7.34,12.0
market,NATR,2026-07-03,21.47,11.9
market,ISBA,2026-07-03,41.0,11.9
market,MFIC,2026-07-03,9.98,11.9
market,MZTI,2026-07-03,115.79,11.8
market,POST,2026-07-03,92.78,11.8
market,ZLAB,2026-07-03,19.12,11.8
market,KE,2026-07-03,25.09,11.8
market,BETR,2026-07-03,28.6,11.7
market,AVD,2026-07-03,3.16,11.7
market,VYGR,2026-07-03,3.78,11.7
market,BCYC,2026-07-03,4.35,11.7
market,RC,2026-07-03,1.79,11.7
market,FOXF,2026-07-03,16.51,11.7
market,MSB,2026-07-03,25.59,11.7
market,CWCO,2026-07-03,29.44,11.7
market,EXPO,2026-07-03,60.98,11.7
market,NIQ,2026-07-03,9.88,11.7
market,AZ,2026-07-03,6.26,11.7
market,UPWK,2026-07-03,9.16,11.6
market,LOPE,2026-07-03,152.65,11.6
market,LCTX,2026-07-03,1.35,11.6
market,BRSL,2026-07-03,11.26,11.6
market,MLYS,2026-07-03,27.69,11.6
market,VERX,2026-07-03,12.85,11.5
market,BMEA,2026-07-03,1.41,11.5
market,USLM,2026-07-03,107.5,11.5
market,TSLX,2026-07-03,17.29,11.5
market,PBH,2026-07-03,49.42,11.5
market,JMIA,2026-07-03,7.05,11.4
market,WBTN,2026-07-03,11.64,11.4
market,OPEN,2026-07-03,4.9,11.4
market,NSSC,2026-07-03,37.79,11.4
market,SRPT,2026-07-03,19.28,11.4
market,WSHP,2026-07-03,7.26,11.3
market,DOLE,2026-07-03,14.02,11.3
market,OPCH,2026-07-03,21.9,11.3
market,WU,2026-07-03,8.01,11.2
market,AAUC,2026-07-03,24.6,11.2
market,COTY,2026-07-03,2.3,11.2
market,BRCC,2026-07-03,1.21,11.2
market,WGO,2026-07-03,31.16,11.2
market,PAGS,2026-07-03,9.12,11.2
market,PHAT,2026-07-03,11.2,11.2
market,FVRR,2026-07-03,10.81,11.1
market,CRBU,2026-07-03,1.82,11.1
market,PAL,2026-07-03,6.38,11.1
market,VNDA,2026-07-03,6.21,11.1
market,NCDL,2026-07-03,12.68,11.0
market,III,2026-07-03,4.11,11.0
market,OTF,2026-07-03,10.46,11.0
market,KBDC,2026-07-03,13.59,10.9
market,ARCT,2026-07-03,7.28,10.9
market,AVO,2026-07-03,12.49,10.9
market,CSR,2026-07-03,57.24,10.9
market,AVXL,2026-07-03,2.76,10.9
market,VITL,2026-07-03,12.76,10.9
market,BLKB,2026-07-03,30.09,10.9
market,TPB,2026-07-03,85.94,10.8
market,HUYA,2026-07-03,2.38,10.8
market,LCII,2026-07-03,103.36,10.8
market,KMPR,2026-07-03,28.83,10.8
market,ASIX,2026-07-03,20.29,10.8
market,BCO,2026-07-03,101.5,10.8
market,BGSI,2026-07-03,97.27,10.8
market,PLNT,2026-07-03,53.45,10.7
market,BL,2026-07-03,29.88,10.6
market,PWP,2026-07-03,16.47,10.6
market,WWW,2026-07-03,16.53,10.6
market,PFSI,2026-07-03,83.47,10.6
market,FUBO,2026-07-03,10.2,10.6
market,PAX,2026-07-03,11.1,10.6
market,OFIX,2026-07-03,9.94,10.5
market,CHGG,2026-07-03,1.01,10.4
market,GTN,2026-07-03,4.11,10.4
market,FINV,2026-07-03,4.83,10.4
market,BUR,2026-07-03,4.26,10.4
market,CURI,2026-07-03,2.91,10.4
market,PSEC,2026-07-03,2.24,10.3
market,NMG,2026-07-03,1.61,10.3
market,ATEC,2026-07-03,8.92,10.3
market,FRPT,2026-07-03,56.38,10.2
market,BMBL,2026-07-03,3.28,10.2
market,PAHC,2026-07-03,33.26,10.2
market,CSV,2026-07-03,39.02,10.2
market,CLVT,2026-07-03,2.59,10.2
market,APAM,2026-07-03,35.41,10.2
market,BGS,2026-07-03,4.08,10.2
market,MOMO,2026-07-03,5.87,10.2
market,HPK,2026-07-03,6.7,10.1
market,NFGC,2026-07-03,1.66,10.1
market,LUCD,2026-07-03,1.07,10.1
market,MESO,2026-07-03,14.38,10.1
market,CNDT,2026-07-03,1.51,10.1
market,UPB,2026-07-03,7.51,10.1
market,LCID,2026-07-03,6.08,10.1
market,OSIS,2026-07-03,221.76,10.0
market,CDZI,2026-07-03,4.19,10.0
market,DJT,2026-07-03,8.54,10.0
market,EYE,2026-07-03,19.76,10.0
market,DXC,2026-07-03,9.91,10.0
market,OGS,2026-07-03,77.32,10.0
market,GCT,2026-07-03,33.21,10.0
market,BRCB,2026-07-03,8.37,10.0
market,EMPD,2026-07-03,3.97,9.9
market,TTGT,2026-07-03,4.02,9.9
market,ANGI,2026-07-03,6.06,9.9
market,MDWD,2026-07-03,15.16,9.9
market,MGRE,2026-07-03,22.87,9.9
market,DFIN,2026-07-03,46.21,9.9
market,MIAX,2026-07-03,40.84,9.9
market,PTLO,2026-07-03,4.98,9.9
market,CGC,2026-07-03,1.0,9.9
market,FCN,2026-07-03,153.59,9.8
market,KD,2026-07-03,12.25,9.8
market,ERII,2026-07-03,8.84,9.8
market,TRDA,2026-07-03,7.72,9.8
market,EPSN,2026-07-03,5.4,9.8
market,CDRE,2026-07-03,29.44,9.7
market,WAY,2026-07-03,23.46,9.7
market,OPRX,2026-07-03,6.19,9.7
market,CCU,2026-07-03,11.09,9.7
market,HLNE,2026-07-03,79.76,9.7
market,ECC,2026-07-03,3.86,9.6
market,ASUR,2026-07-03,8.19,9.6
market,CVRX,2026-07-03,5.6,9.6
market,CRK,2026-07-03,14.68,9.6
market,SPOK,2026-07-03,10.49,9.6
market,CNX,2026-07-03,33.84,9.6
market,BTBT,2026-07-03,1.65,9.5
market,SAM,2026-07-03,183.62,9.5
market,LRN,2026-07-03,90.44,9.5
market,CLNE,2026-07-03,2.05,9.5
market,LBTYK,2026-07-03,10.9,9.5
market,ACRE,2026-07-03,4.52,9.5
market,FUL,2026-07-03,58.06,9.4
market,CMTG,2026-07-03,2.37,9.4
market,EVCM,2026-07-03,9.98,9.3
market,SITE,2026-07-03,112.39,9.3
market,TDW,2026-07-03,68.12,9.3
market,CRML,2026-07-03,9.56,9.3
market,ATMU,2026-07-03,49.71,9.2
market,ATAT,2026-07-03,32.22,9.2
market,LBTYA,2026-07-03,11.3,9.2
market,TONX,2026-07-03,2.88,9.2
market,CALX,2026-07-03,38.48,9.2
market,CATX,2026-07-03,3.63,9.2
market,VSTM,2026-07-03,4.5,9.2
market,ATS,2026-07-03,27.68,9.2
market,MUX,2026-07-03,18.9,9.1
market,INV,2026-07-03,4.82,9.1
market,BXMT,2026-07-03,17.25,9.1
market,DMLP,2026-07-03,25.37,9.1
market,BBOT,2026-07-03,8.11,9.1
market,ODV,2026-07-03,2.57,9.0
market,NAGE,2026-07-03,3.43,9.0
market,PVH,2026-07-03,75.23,9.0
market,WIX,2026-07-03,49.35,9.0
market,EXLS,2026-07-03,27.02,9.0
market,DNUT,2026-07-03,3.51,9.0
market,AIRO,2026-07-03,7.6,9.0
market,JRVR,2026-07-03,4.46,8.9
market,CTGO,2026-07-03,17.23,8.9
market,HCKT,2026-07-03,10.84,8.9
market,IVA,2026-07-03,3.91,8.9
market,AGNT,2026-07-03,5.32,8.9
market,RXST,2026-07-03,5.61,8.9
market,UVV,2026-07-03,51.62,8.8
market,SNDL,2026-07-03,1.38,8.8
market,RPC,2026-07-03,7.83,8.8
market,MIST,2026-07-03,1.32,8.8
market,GOTU,2026-07-03,1.75,8.8
market,GLIBK,2026-07-03,22.44,8.7
market,PHI,2026-07-03,17.95,8.7
market,TSSI,2026-07-03,11.21,8.7
market,MGPI,2026-07-03,16.98,8.6
market,EXK,2026-07-03,8.56,8.6
market,VZLA,2026-07-03,3.34,8.6
market,MSIF,2026-07-03,11.52,8.6
market,ARLP,2026-07-03,23.81,8.6
market,GLIBA,2026-07-03,22.81,8.6
market,SR,2026-07-03,79.68,8.5
market,TIC,2026-07-03,8.11,8.5
market,FSM,2026-07-03,8.72,8.5
market,BHR,2026-07-03,2.28,8.4
market,SPRB,2026-07-03,52.51,8.4
market,TG,2026-07-03,7.74,8.4
market,XNET,2026-07-03,5.64,8.4
market,HLX,2026-07-03,8.54,8.4
market,NCSM,2026-07-03,44.59,8.3
market,BRR,2026-07-03,1.65,8.3
market,LXU,2026-07-03,10.64,8.3
market,VOXR,2026-07-03,4.87,8.3
market,SLRC,2026-07-03,12.36,8.3
market,OLMA,2026-07-03,12.64,8.3
market,SBET,2026-07-03,5.31,8.3
market,SMRT,2026-07-03,1.15,8.3
market,CPRI,2026-07-03,18.96,8.3
market,UAMY,2026-07-03,7.43,8.3
market,QUBT,2026-07-03,9.05,8.3
market,CVI,2026-07-03,28.48,8.2
market,GDYN,2026-07-03,6.09,8.2
market,LDI,2026-07-03,1.23,8.2
market,NABL,2026-07-03,4.11,8.2
market,SUPX,2026-07-03,8.01,8.2
market,NX,2026-07-03,17.08,8.1
market,IQ,2026-07-03,1.01,8.1
market,MLCO,2026-07-03,5.39,8.1
market,HTT,2026-07-03,2.65,8.1
market,LAZ,2026-07-03,41.54,8.1
market,TGEN,2026-07-03,4.52,8.1
market,CBIO,2026-07-03,17.09,8.1
market,BOOM,2026-07-03,6.12,8.1
market,OCS,2026-07-03,14.12,8.1
market,GOOS,2026-07-03,9.59,8.0
market,CLFD,2026-07-03,33.97,8.0
market,CHRS,2026-07-03,1.45,8.0
market,TPVG,2026-07-03,4.92,8.0
market,EARN,2026-07-03,4.36,8.0
market,JLHL,2026-07-03,7.33,7.9
market,NEOV,2026-07-03,2.49,7.9
market,FWRD,2026-07-03,13.45,7.8
market,PLG,2026-07-03,1.42,7.8
market,ORGO,2026-07-03,2.36,7.8
market,DMRC,2026-07-03,7.83,7.8
market,KGEI,2026-07-03,4.64,7.8
market,DAVA,2026-07-03,3.01,7.8
market,EVI,2026-07-03,16.09,7.7
market,GTM,2026-07-03,2.99,7.7
market,SKYX,2026-07-03,1.04,7.7
market,TMQ,2026-07-03,3.41,7.7
market,FBRT,2026-07-03,8.07,7.7
market,AORT,2026-07-03,23.97,7.6
market,EBS,2026-07-03,8.28,7.6
market,NB,2026-07-03,4.74,7.6
market,GERN,2026-07-03,1.36,7.6
market,MMT,2026-07-03,4.4,7.6
market,AGRO,2026-07-03,9.64,7.6
market,RERE,2026-07-03,3.97,7.6
market,TYG,2026-07-03,42.78,7.6
market,FLOC,2026-07-03,20.74,7.6
market,HOVR,2026-07-03,1.94,7.6
market,SHAK,2026-07-03,56.47,7.5
market,BORR,2026-07-03,4.49,7.5
market,DSX,2026-07-03,2.1,7.5
market,GEMI,2026-07-03,4.23,7.5
market,EDN,2026-07-03,24.28,7.5
market,OXM,2026-07-03,34.88,7.4
market,NOA,2026-07-03,12.91,7.4
market,GROY,2026-07-03,2.86,7.4
market,OXLC,2026-07-03,8.81,7.4
market,RLX,2026-07-03,1.93,7.4
market,NTGR,2026-07-03,21.5,7.3
market,OXSQ,2026-07-03,1.33,7.3
market,BKKT,2026-07-03,8.36,7.3
market,SPH,2026-07-03,17.51,7.3
market,CDLR,2026-07-03,22.17,7.3
market,MH,2026-07-03,10.5,7.3
market,GOGO,2026-07-03,3.57,7.3
market,LXEO,2026-07-03,4.69,7.3
market,NMRA,2026-07-03,1.67,7.3
market,HITI,2026-07-03,2.3,7.3
market,EGHT,2026-07-03,1.83,7.3
market,ENGN,2026-07-03,1.78,7.2
market,JOUT,2026-07-03,43.48,7.2
market,CMCL,2026-07-03,20.09,7.2
market,INTR,2026-07-03,5.47,7.2
market,SENS,2026-07-03,5.48,7.2
market,SLNH,2026-07-03,1.19,7.2
market,YALA,2026-07-03,5.48,7.2
market,EPAM,2026-07-03,88.27,7.2
market,DBVT,2026-07-03,15.82,7.2
market,SMR,2026-07-03,9.76,7.2
market,SRFM,2026-07-03,1.04,7.2
market,RDW,2026-07-03,11.31,7.2
market,REAX,2026-07-03,2.17,7.2
market,SIDU,2026-07-03,2.65,7.2
market,VC,2026-07-03,102.45,7.2
market,AMSC,2026-07-03,37.11,7.1
market,CRNT,2026-07-03,2.42,7.1
market,GSIT,2026-07-03,6.82,7.1
market,VNT,2026-07-03,28.62,7.1
market,G,2026-07-03,29.1,7.1
market,TRON,2026-07-03,1.63,7.0
market,VNET,2026-07-03,7.92,7.0
market,ALVO,2026-07-03,3.61,7.0
market,EVGO,2026-07-03,1.87,7.0
market,VELO,2026-07-03,15.63,7.0
market,NBP,2026-07-03,2.14,7.0
market,SCM,2026-07-03,8.44,7.0
market,QS,2026-07-03,7.07,7.0
market,LUCK,2026-07-03,7.7,7.0
market,GAU,2026-07-03,1.98,7.0
market,SA,2026-07-03,27.62,7.0
market,FIP,2026-07-03,4.44,7.0
market,HCC,2026-07-03,80.83,7.0
market,XPRO,2026-07-03,14.38,7.0
market,MNTS,2026-07-03,5.91,7.0
market,ABAT,2026-07-03,2.81,6.9
market,OBE,2026-07-03,8.01,6.9
market,BBW,2026-07-03,31.5,6.9
market,CSAN,2026-07-03,2.88,6.9
market,ARVN,2026-07-03,8.39,6.9
market,RBBN,2026-07-03,2.14,6.9
market,WOOF,2026-07-03,2.62,6.9
market,SIG,2026-07-03,84.12,6.8
market,ENOV,2026-07-03,22.5,6.8
market,SLBT,2026-07-03,5.99,6.8
market,FBRX,2026-07-03,20.92,6.8
market,DRUG,2026-07-03,67.6,6.8
market,KRO,2026-07-03,5.97,6.8
market,FPI,2026-07-03,9.71,6.7
market,BBAI,2026-07-03,3.53,6.7
market,LX,2026-07-03,1.91,6.7
market,KOS,2026-07-03,2.07,6.7
market,SLDP,2026-07-03,2.52,6.7
market,USAS,2026-07-03,4.89,6.7
market,REZI,2026-07-03,30.66,6.7
market,PED,2026-07-03,12.49,6.7
market,NGEN,2026-07-03,2.12,6.7
market,DPRO,2026-07-03,5.12,6.6
market,FLY,2026-07-03,28.9,6.6
market,VGZ,2026-07-03,1.83,6.6
market,MKTX,2026-07-03,116.53,6.6
market,LWLG,2026-07-03,7.37,6.6
market,CION,2026-07-03,6.39,6.6
market,RWAY,2026-07-03,5.49,6.6
market,FULC,2026-07-03,3.84,6.5
market,EVEX,2026-07-03,2.6,6.5
market,RCAT,2026-07-03,10.44,6.5
market,WRN,2026-07-03,2.3,6.5
market,INR,2026-07-03,12.5,6.5
market,EVTL,2026-07-03,1.85,6.5
market,VUZI,2026-07-03,2.8,6.5
market,IPI,2026-07-03,33.58,6.5
market,KODK,2026-07-03,8.47,6.5
market,DLB,2026-07-03,51.15,6.5
market,ASST,2026-07-03,13.11,6.5
market,PFLT,2026-07-03,7.48,6.5
market,LBRDK,2026-07-03,32.14,6.4
market,SLVM,2026-07-03,38.54,6.4
market,NKLR,2026-07-03,4.62,6.4
market,BNC,2026-07-03,2.7,6.4
market,VTOL,2026-07-03,41.41,6.4
market,TNXP,2026-07-03,12.34,6.4
market,SOUN,2026-07-03,6.55,6.4
market,PDS,2026-07-03,75.69,6.4
market,ASTL,2026-07-03,3.77,6.4
market,MWA,2026-07-03,24.97,6.4
market,BDTX,2026-07-03,2.01,6.4
market,LYEL,2026-07-03,14.05,6.4
market,ITRG,2026-07-03,2.42,6.3
market,GTE,2026-07-03,5.91,6.3
market,WHR,2026-07-03,38.1,6.3
market,MPT,2026-07-03,4.59,6.3
market,ISOU,2026-07-03,10.04,6.3
market,CSIQ,2026-07-03,14.46,6.3
market,SGML,2026-07-03,12.29,6.3
market,SSP,2026-07-03,3.12,6.3
market,MIR,2026-07-03,17.38,6.3
market,TNDM,2026-07-03,15.32,6.3
market,TGS,2026-07-03,28.4,6.3
market,BHC,2026-07-03,4.9,6.3
market,ORLA,2026-07-03,10.18,6.2
market,LAES,2026-07-03,3.03,6.2
market,MEOH,2026-07-03,45.47,6.2
market,HWKN,2026-07-03,138.49,6.2
market,IMSR,2026-07-03,6.46,6.2
market,FLNC,2026-07-03,17.0,6.2
market,TCPC,2026-07-03,3.36,6.2
market,NPWR,2026-07-03,1.65,6.2
market,CRESY,2026-07-03,11.01,6.2
market,LAC,2026-07-03,3.76,6.2
market,CMRE,2026-07-03,14.26,6.2
market,HSAI,2026-07-03,17.19,6.2
market,GRNT,2026-07-03,4.42,6.2
market,GEL,2026-07-03,14.2,6.2
market,LU,2026-07-03,1.4,6.2
market,GEVO,2026-07-03,1.41,6.1
market,SSYS,2026-07-03,8.14,6.1
market,RR,2026-07-03,1.96,6.1
market,VET,2026-07-03,8.99,6.1
market,MED,2026-07-03,10.96,6.1
market,WHD,2026-07-03,50.42,6.1
market,BTU,2026-07-03,22.3,6.0
market,EMBC,2026-07-03,3.35,6.0
market,WB,2026-07-03,7.36,6.0
market,LE,2026-07-03,10.88,6.0
market,PNBK,2026-07-03,1.35,6.0
market,KEN,2026-07-03,68.1,6.0
market,SD,2026-07-03,13.24,5.9
market,WLDN,2026-07-03,76.3,5.9
market,LTRX,2026-07-03,5.49,5.9
market,CNR,2026-07-03,79.34,5.9
market,AMR,2026-07-03,160.0,5.8
market,AMPX,2026-07-03,12.38,5.8
market,IDR,2026-07-03,33.47,5.8
market,GASS,2026-07-03,8.21,5.8
market,YRD,2026-07-03,1.44,5.8
market,CNMD,2026-07-03,33.83,5.8
market,TIGR,2026-07-03,4.58,5.8
market,ATLX,2026-07-03,3.64,5.8
market,SDRL,2026-07-03,39.87,5.8
market,METC,2026-07-03,12.95,5.7
market,AD,2026-07-03,36.24,5.7
market,CRC,2026-07-03,51.26,5.7
market,AQN,2026-07-03,5.48,5.7
market,NNDM,2026-07-03,1.45,5.7
market,RYZ,2026-07-03,24.03,5.7
market,NN,2026-07-03,16.28,5.7
market,FAC,2026-07-03,10.23,5.6
market,PPIH,2026-07-03,25.46,5.6
market,EPM,2026-07-03,3.65,5.6
market,LAND,2026-07-03,8.65,5.6
market,ZENA,2026-07-03,1.42,5.6
market,USAR,2026-07-03,19.15,5.6
market,TII,2026-07-03,2.21,5.6
market,TWI,2026-07-03,7.21,5.6
market,FMC,2026-07-03,11.35,5.6
market,PNRG,2026-07-03,173.3,5.6
market,BZAI,2026-07-03,1.34,5.6
market,NMFC,2026-07-03,7.15,5.6
market,MMS,2026-07-03,55.75,5.5
market,OLLI,2026-07-03,74.21,5.5
market,CNTN,2026-07-03,2.84,5.5
market,AI,2026-07-03,9.06,5.5
market,FIZZ,2026-07-03,33.33,5.5
market,DNOW,2026-07-03,12.6,5.5
market,AMTX,2026-07-03,1.65,5.5
market,ASA,2026-07-03,54.48,5.5
market,SCZM,2026-07-03,6.69,5.5
market,ACHR,2026-07-03,4.98,5.4
market,MATV,2026-07-03,7.22,5.4
market,ASO,2026-07-03,47.84,5.4
market,BKE,2026-07-03,42.19,5.4
market,TASK,2026-07-03,5.03,5.3
market,MVST,2026-07-03,1.12,5.3
market,PNNT,2026-07-03,3.45,5.3
market,TLRY,2026-07-03,4.62,5.3
market,RES,2026-07-03,5.6,5.3
market,PLAY,2026-07-03,11.04,5.3
market,TARA,2026-07-03,4.06,5.3
market,LMB,2026-07-03,76.0,5.3
market,HLLY,2026-07-03,2.4,5.3
market,CD,2026-07-03,4.29,5.2
market,LZM,2026-07-03,3.73,5.2
market,TUYA,2026-07-03,1.76,5.2
market,LUNR,2026-07-03,19.58,5.2
market,JOE,2026-07-03,61.33,5.2
market,TMC,2026-07-03,4.23,5.2
market,RUM,2026-07-03,6.16,5.2
market,ACB,2026-07-03,2.84,5.2
market,MNSO,2026-07-03,11.72,5.1
market,CRGY,2026-07-03,9.34,5.1
market,SHEN,2026-07-03,13.55,5.1
market,LBRDA,2026-07-03,32.13,5.1
market,DCH,2026-07-03,5.13,5.1
market,TTEC,2026-07-03,2.15,5.1
market,ABR,2026-07-03,5.27,5.0
market,WPP,2026-07-03,16.53,5.0
market,SIGA,2026-07-03,3.86,5.0
market,EGAN,2026-07-03,6.53,5.0
market,INVX,2026-07-03,24.09,5.0
market,CHPT,2026-07-03,5.96,5.0
market,DOMO,2026-07-03,3.54,5.0
market,PCT,2026-07-03,7.61,5.0
market,GILT,2026-07-03,12.88,5.0
market,AMRC,2026-07-03,25.4,4.9
market,MGY,2026-07-03,25.2,4.9
market,JKS,2026-07-03,15.84,4.9
market,GRFS,2026-07-03,7.16,4.9
market,SONO,2026-07-03,13.62,4.9
market,NRP,2026-07-03,99.11,4.9
market,HURN,2026-07-03,97.16,4.9
market,AREC,2026-07-03,1.96,4.8
market,STEP,2026-07-03,41.13,4.8
market,DC,2026-07-03,4.48,4.8
market,BWMN,2026-07-03,28.68,4.8
market,PONY,2026-07-03,6.83,4.8
market,VTS,2026-07-03,15.48,4.8
market,DRD,2026-07-03,21.9,4.7
market,MBUU,2026-07-03,25.07,4.7
market,CAL,2026-07-03,11.71,4.7
market,PDYN,2026-07-03,5.84,4.7
market,LENZ,2026-07-03,5.89,4.7
market,CPS,2026-07-03,26.39,4.7
market,TDS,2026-07-03,36.19,4.7
market,UROY,2026-07-03,2.81,4.7
market,CNXC,2026-07-03,23.6,4.7
market,ADNT,2026-07-03,18.76,4.7
market,PUMP,2026-07-03,12.09,4.7
market,DDL,2026-07-03,1.94,4.7
market,ACDC,2026-07-03,5.15,4.6
market,PPTA,2026-07-03,21.33,4.6
market,LEU,2026-07-03,162.13,4.6
market,AMPY,2026-07-03,4.0,4.6
market,OLED,2026-07-03,78.7,4.6
market,OIS,2026-07-03,7.72,4.6
market,BLSH,2026-07-03,25.57,4.6
market,REI,2026-07-03,1.07,4.6
market,RGR,2026-07-03,37.65,4.6
market,PLBY,2026-07-03,1.26,4.6
market,CODA,2026-07-03,9.62,4.5
market,PANL,2026-07-03,6.6,4.5
market,IPX,2026-07-03,28.78,4.5
market,HNRG,2026-07-03,16.25,4.5
market,PSIX,2026-07-03,37.08,4.5
market,LTBR,2026-07-03,8.64,4.5
market,GLOB,2026-07-03,32.51,4.5
market,NVA,2026-07-03,4.78,4.5
market,NEGG,2026-07-03,14.91,4.4
market,BNAI,2026-07-03,17.19,4.4
market,ONDS,2026-07-03,7.41,4.4
market,LBRT,2026-07-03,23.79,4.4
market,WRD,2026-07-03,5.52,4.4
market,HYMC,2026-07-03,23.62,4.4
market,RUN,2026-07-03,12.74,4.4
market,EU,2026-07-03,1.29,4.3
market,PRCT,2026-07-03,21.03,4.3
market,ZUMZ,2026-07-03,17.55,4.3
market,KC,2026-07-03,9.1,4.3
market,LRMR,2026-07-03,3.26,4.3
market,ADCT,2026-07-03,1.19,4.3
market,JELD,2026-07-03,1.44,4.3
market,MAT,2026-07-03,13.34,4.3
market,SITC,2026-07-03,4.49,4.3
market,SERV,2026-07-03,6.31,4.3
market,SLI,2026-07-03,2.72,4.2
market,ENVX,2026-07-03,5.36,4.2
market,CWEN,2026-07-03,32.76,4.2
market,SEB,2026-07-03,4337.15,4.2
market,CMCO,2026-07-03,13.55,4.2
market,CLB,2026-07-03,11.46,4.2
market,GSM,2026-07-03,3.27,4.1
market,NNE,2026-07-03,20.03,4.1
market,IE,2026-07-03,9.51,4.1
market,NVGS,2026-07-03,19.12,4.1
market,DMC,2026-07-03,28.22,4.1
market,GPI,2026-07-03,288.39,4.1
market,VFF,2026-07-03,1.95,4.0
market,TMDX,2026-07-03,68.86,4.0
market,HY,2026-07-03,31.99,4.0
market,LPL,2026-07-03,3.59,4.0
market,PTEN,2026-07-03,8.66,4.0
market,NOG,2026-07-03,17.95,3.9
market,CABO,2026-07-03,48.91,3.9
market,HP,2026-07-03,31.3,3.9
market,CENX,2026-07-03,43.76,3.9
market,SPRO,2026-07-03,2.2,3.8
market,TROX,2026-07-03,6.21,3.8
market,URG,2026-07-03,1.35,3.8
market,RYAM,2026-07-03,7.36,3.8
market,HUN,2026-07-03,10.82,3.8
market,NUS,2026-07-03,5.01,3.7
market,SHMD,2026-07-03,5.56,3.7
market,SPCE,2026-07-03,2.7,3.7
market,NG,2026-07-03,6.44,3.7
market,EOSE,2026-07-03,5.23,3.7
market,RDZN,2026-07-03,1.34,3.6
market,MUR,2026-07-03,31.88,3.6
market,VERI,2026-07-03,1.31,3.6
market,CTRI,2026-07-03,27.39,3.6
market,DAN,2026-07-03,24.91,3.6
market,EFOR,2026-07-03,17.66,3.6
market,SHOE,2026-07-03,15.09,3.5
market,DBI,2026-07-03,5.52,3.5
market,ARRY,2026-07-03,6.97,3.5
market,XXI,2026-07-03,5.42,3.4
market,INSG,2026-07-03,8.87,3.4
market,UWMC,2026-07-03,2.17,3.3
market,ELME,2026-07-03,1.59,3.3
market,ARDX,2026-07-03,5.27,3.2
market,KDK,2026-07-03,5.32,3.2
market,PATK,2026-07-03,85.03,3.2
market,MRLN,2026-07-03,5.28,3.1
market,TYGO,2026-07-03,2.07,3.1
market,CCOI,2026-07-03,12.99,3.1
market,OEC,2026-07-03,5.74,3.0
market,EH,2026-07-03,6.31,3.0
market,PLAB,2026-07-03,28.86,2.9
market,RGC,2026-07-03,6.37,2.9
market,RWT,2026-07-03,4.48,2.9
market,TMS,2026-07-03,7.5,2.9
market,UUUU,2026-07-03,13.81,2.7
market,FIGS,2026-07-03,9.99,2.7
market,ARMP,2026-07-03,5.89,2.6
market,WS,2026-07-03,32.02,2.6
market,OLN,2026-07-03,20.04,2.5
market,DQ,2026-07-03,12.25,2.5
market,PRIM,2026-07-03,88.2,2.4
market,BAK,2026-07-03,2.45,2.3
market,CAPR,2026-07-03,23.21,2.3
market,TOYO,2026-07-03,6.47,2.3
market,TROO,2026-07-03,2.23,2.2
market,HTZ,2026-07-03,2.12,2.1
market,VRRM,2026-07-03,4.3,2.1
market,VRXA,2026-07-03,2.04,2.1
market,VWAV,2026-07-03,4.14,1.8
market,NAUT,2026-07-03,1.73,1.3
market,OMER,2026-07-03,9.28,1.0
market,EAF,2026-07-03,5.68,0.9
market,SSTK,2026-07-03,9.81,0.5
market,VENU,2026-07-03,2.18,0.3
market,SOC,2026-07-03,4.25,0.3
market,EVMN,2026-07-03,12.96,0.2
market,UNCY,2026-07-03,5.73,0.1
thematic,MRAM,2026-07-06,19.14,38.5
thematic,GSIT,2026-07-06,6.82,7.1
market,TFSL,2026-07-06,17.84,74.8
market,MTN,2026-07-06,140.68,62.5
market,ATHS,2026-07-06,24.55,62.4
market,CHH,2026-07-06,112.37,61.9
market,TREX,2026-07-06,48.47,59.6
market,NRDY,2026-07-06,0.98,44.6
market,WBX,2026-07-06,4.16,40.8
market,UFPI,2026-07-06,89.19,39.2
market,SRXH,2026-07-06,5.44,25.8
market,CRIS,2026-07-06,6.93,23.1
market,STIM,2026-07-06,1.41,12.3
market,STEX,2026-07-06,0.97,7.9
market,DFDV,2026-07-06,3.3,7.0
market,JZ,2026-07-06,2.91,5.7
market,NTCL,2026-07-06,4.53,3.2
market,HRB,2026-07-07,39.22,60.1
market,COYA,2026-07-07,5.76,57.4
market,SBRA,2026-07-07,19.73,56.7
market,NMAD,2026-07-07,7.34,53.0
market,TACO,2026-07-07,10.53,52.1
market,RPT,2026-07-07,14.87,47.4
market,RFL,2026-07-07,2.76,45.1
market,IQMX,2026-07-07,13.91,40.8
market,SEER,2026-07-07,2.19,33.6
market,PEPG,2026-07-07,1.89,14.2
market,ADT,2026-07-07,6.75,13.1
market,SIGIP,2026-07-07,15.95,10.6
market,ABTC,2026-07-07,0.56,0.9
market,FRMI,2026-07-07,8.21,36.5
market,CAI,2026-07-07,17.81,24.8
market,CGTL,2026-07-07,4.56,4.1
market,UEC,2026-07-07,10.59,3.8
market,RELY,2026-07-08,24.13,81.2
market,CUZ,2026-07-08,30.75,77.6
market,GHC,2026-07-08,1155.24,65.7
market,VANI,2026-07-08,1.35,52.0
market,BC,2026-07-08,77.33,30.9
market,CIGI,2026-07-08,100.52,14.2
market,SKIN,2026-07-08,1.11,4.7
market,SHC,2026-07-08,18.02,70.9
market,ORKA,2026-07-08,84.5,57.3
market,LPX,2026-07-08,74.78,36.2
market,GNTX,2026-07-08,24.04,35.4
market,AUGO,2026-07-08,63.37,27.0
market,BTG,2026-07-08,3.94,7.1
market,TKC,2026-07-08,5.77,5.6
