theme,heat,top_headline
semiconducteurs,100,Chips Made In The USA Are Making A Comeback. What Investors Should Know. - Investor's Business Daily
memoire,51,Two Companies Make Most Of The Memory Chips Inside Of Our Devices (And They're Being Sued...Again) - AOL.com
quantique,62,Should You Buy Rigetti Computing Stock While It's Under $20? - The Motley Fool
ia,100,2 Magnificent Artificial Intelligence (AI) Stocks Down 16% to 28% to Buy Hand Over Fist - The Motley Fool
laser_photonique,0,
robotique,50,Generative AI in Robotics Market Report 2026 - Yahoo! Finance Canada
equipement_electrique,55,"""You're Building a Google in 2 Years,"" Why One Energy Analyst Warns The U.S. Grid Is Not Ready For What's Coming - 24/7 Wall St."
production_energie,52,Uranium Stocks Investment 2026: Nuclear Energy Renaissance & Price Forecast - Intellectia AI
gestion_thermique,46,"Data Center Infrastructure Management (DCIM) Software Market Report Published; Profiles Schneider Electric, Vertiv, IBM, Cisco, HPE & 10 Others; Segme"
espace,48,3 Space Economy Stocks to Buy in July - 24/7 Wall St.
defense,58,"Why ONDS, RCAT And Other Drone Stocks Are Surging In Overnight Trading - Stocktwits"
new_tech,13,Best AI Stocks to Buy in 2026: 10 Top Picks & How to Invest - The Motley Fool
